time,open,high,low,close,volume
2025-01-01 00:00:00,100.09934283060224,100.14116452123146,100.0694749409387,100.09934283060224,416
2025-01-01 00:15:00,100.09934283060224,100.21589288726642,100.05566113171703,100.07166249923391,873
2025-01-01 00:30:00,100.07166249923391,100.32844790736664,100.07166249923391,100.20129303681277,652
2025-01-01 00:45:00,100.20129303681277,100.65123365739997,100.20129303681277,100.5065121587043,789
2025-01-01 01:00:00,100.5065121587043,100.58825216613769,100.30059396276813,100.45944428069704,210
2025-01-01 01:15:00,100.45944428069704,100.5772185151475,100.38717992272258,100.41240174353567,183
2025-01-01 01:30:00,100.41240174353567,100.8446171228667,100.41240174353567,100.72954684687423,121
2025-01-01 01:45:00,100.72954684687423,100.98009402593695,100.72954684687423,100.88415355187847,908
2025-01-01 02:00:00,100.88415355187847,100.88415355187847,100.69609312866679,100.7894284997998,111
2025-01-01 02:15:00,100.7894284997998,100.95574674770143,100.7894284997998,100.8987971332395,400
2025-01-01 02:30:00,100.8987971332395,100.93227154185846,100.73276724450464,100.80528055768943,849
2025-01-01 02:45:00,100.80528055768943,100.80528055768943,100.66678211676314,100.71138452074399,730
2025-01-01 03:00:00,100.71138452074399,100.8525157449381,100.71138452074399,100.7601212314864,911
2025-01-01 03:15:00,100.7601212314864,100.7601212314864,100.2279081948116,100.37455653268333,761
2025-01-01 03:30:00,100.37455653268333,100.37455653268333,99.91520986690902,100.02828080769571,158
2025-01-01 03:45:00,100.02828080769571,100.04935337836247,99.86787843228001,99.91579149795655,134
2025-01-01 04:00:00,99.91579149795655,99.91579149795655,99.62389989202573,99.71339585187259,306
2025-01-01 04:15:00,99.71339585187259,99.83502493803064,99.67816682743305,99.77606518921351,961
2025-01-01 04:30:00,99.77606518921351,99.78741535529088,99.50584465094043,99.59486705050836,123
2025-01-01 04:45:00,99.59486705050836,99.59486705050836,99.23782300318558,99.3135506517695,463
2025-01-01 05:00:00,99.3135506517695,99.76053575700217,99.3135506517695,99.60466821826948,661
2025-01-01 05:15:00,99.60466821826948,99.73442745552973,99.43974314363771,99.55969147126646,519
2025-01-01 05:30:00,99.55969147126646,99.58872259040888,99.48798976344382,99.57313764571514,839
2025-01-01 05:45:00,99.57313764571514,99.57313764571514,99.10827099704036,99.2894043512025,873
2025-01-01 06:00:00,99.2894043512025,99.31575325266624,98.98279614818341,99.18130147828813,285
2025-01-01 06:15:00,99.18130147828813,99.38665340757684,99.1532785559986,99.20330437190967,336
2025-01-01 06:30:00,99.20330437190967,99.20330437190967,98.80610000740896,98.97493963952739,836
2025-01-01 06:45:00,98.97493963952739,99.08430687707848,98.90330227361471,99.0493090169043,851
2025-01-01 07:00:00,99.0493090169043,99.05467584538953,98.80014062118074,98.93032332249375,625
2025-01-01 07:15:00,98.93032332249375,99.06717367640528,98.82822298752257,98.87260860853736,936
2025-01-01 07:30:00,98.87260860853736,98.87260860853736,98.6605625799259,98.7536240038011,601
2025-01-01 07:45:00,98.7536240038011,99.29490485180975,98.7536240038011,99.11946237056797,603
2025-01-01 08:00:00,99.11946237056797,99.23687552612421,98.98088865223737,99.11678669524895,842
2025-01-01 08:15:00,99.11678669524895,99.11678669524895,98.82280738622401,98.90711287818785,127
2025-01-01 08:30:00,98.90711287818785,99.1288693153386,98.90711287818785,99.06982396312539,548
2025-01-01 08:45:00,99.06982396312539,99.06982396312539,98.79306043661063,98.82792643214712,400
2025-01-01 09:00:00,98.82792643214712,98.92424483700066,98.81462147688038,98.86920954415007,109
2025-01-01 09:15:00,98.86920954415007,98.86920954415007,98.43945346995288,98.4817074719195,704
2025-01-01 09:30:00,98.4817074719195,98.4817074719195,98.05261557253002,98.2201034120477,356
2025-01-01 09:45:00,98.2201034120477,98.35416730262811,98.13707684342653,98.2587748739375,612
2025-01-01 10:00:00,98.2587748739375,98.46187679540321,98.2587748739375,98.40389651680889,383
2025-01-01 10:15:00,98.40389651680889,98.45459070114325,98.2877067471634,98.43762313002587,303
2025-01-01 10:30:00,98.43762313002587,98.51503471234359,98.24446246064697,98.41485484595113,655
2025-01-01 10:45:00,98.41485484595113,98.45039873579852,98.18138761920302,98.35558869296112,719
2025-01-01 11:00:00,98.35558869296112,98.35558869296112,98.04825121591652,98.06474689144497,433
2025-01-01 11:15:00,98.06474689144497,98.06474689144497,97.81264200092978,97.92356421124998,119
2025-01-01 11:30:00,97.92356421124998,97.92356421124998,97.70174886701842,97.83334943071743,134
2025-01-01 11:45:00,97.83334943071743,98.13611086238859,97.83334943071743,98.04019304701474,936
2025-01-01 12:00:00,98.04019304701474,98.13719855575584,97.98648242081819,98.10756985390228,111
2025-01-01 12:15:00,98.10756985390228,98.10756985390228,97.56417496014512,97.76163468350731,315
2025-01-01 12:30:00,97.76163468350731,97.96533451058959,97.76163468350731,97.82500064075282,316
2025-01-01 12:45:00,97.82500064075282,97.88109208028081,97.57475481613707,97.74965929209587,322
2025-01-01 13:00:00,97.74965929209587,97.74965929209587,97.50819279344053,97.61732150230141,527
2025-01-01 13:15:00,97.61732150230141,97.84786845206463,97.61732150230141,97.73674190418764,737
2025-01-01 13:30:00,97.73674190418764,98.00678166155704,97.73674190418764,97.93827497265471,845
2025-01-01 13:45:00,97.93827497265471,98.2699417039047,97.93827497265471,98.12069090941985,440
2025-01-01 14:00:00,98.12069090941985,98.12069090941985,97.81820730055328,97.95600170301606,451
2025-01-01 14:15:00,97.95600170301606,97.95600170301606,97.70238738874923,97.8954232869851,274
2025-01-01 14:30:00,97.8954232869851,98.10188056558158,97.79103972962547,97.96028163465861,317
2025-01-01 14:45:00,97.96028163465861,98.23252737121562,97.96028163465861,98.15141098545907,244
2025-01-01 15:00:00,98.15141098545907,98.22521439670919,97.8830720515228,98.05734773035427,980
2025-01-01 15:15:00,98.05734773035427,98.05734773035427,97.83405702453997,98.0209372766863,913
2025-01-01 15:30:00,98.0209372766863,98.0209372766863,97.67993348141441,97.8040492944982,386
2025-01-01 15:45:00,97.8040492944982,97.8040492944982,97.48522735416793,97.57006159124222,168
2025-01-01 16:00:00,97.57006159124222,97.8482831752884,97.57006159124222,97.72861798031317,803
2025-01-01 16:15:00,97.72861798031317,98.01286519498028,97.72861798031317,97.99370490759678,780
2025-01-01 16:30:00,97.99370490759678,98.17832584848591,97.82663055549082,97.97959183038778,856
2025-01-01 16:45:00,97.97959183038778,98.29397640742289,97.97959183038778,98.17624331783543,423
2025-01-01 17:00:00,98.17624331783543,98.38084866369101,98.09186518634499,98.24725145061059,743
2025-01-01 17:15:00,98.24725145061059,98.25733170837476,97.95699823614885,98.12048896511769,693
2025-01-01 17:30:00,98.12048896511769,98.3682089123802,98.12048896511769,98.19140959216234,464
2025-01-01 17:45:00,98.19140959216234,98.65884205016678,98.19140959216234,98.49345354909353,921
2025-01-01 18:00:00,98.49345354909353,98.61972047362661,98.41400385515752,98.48639628845568,164
2025-01-01 18:15:00,98.48639628845568,98.87421621035467,98.48639628845568,98.79458851872911,927
2025-01-01 18:30:00,98.79458851872911,98.79458851872911,98.15362299931688,98.27695523956412,835
2025-01-01 18:45:00,98.27695523956412,98.51942123124121,98.27695523956412,98.43850339083164,366
2025-01-01 19:00:00,98.43850339083164,98.58029618981794,98.31868052535003,98.45564095707549,941
2025-01-01 19:15:00,98.45564095707549,98.55103845869884,98.29167842765865,98.3967630363935,184
2025-01-01 19:30:00,98.3967630363935,98.58885435658175,98.30619542398722,98.4148209631631,553
2025-01-01 19:45:00,98.4148209631631,98.4148209631631,97.85899289061759,98.02360848539831,764
2025-01-01 20:00:00,98.02360848539831,98.06277959071035,97.89476609477062,97.98054242314103,392
2025-01-01 20:15:00,97.98054242314103,98.10727582523835,97.9499504498089,98.05052259006672,142
2025-01-01 20:30:00,98.05052259006672,98.49566697659903,98.05052259006672,98.34033915690603,597
2025-01-01 20:45:00,98.34033915690603,98.38434869117498,98.1293709336539,98.23840541882612,120
2025-01-01 21:00:00,98.23840541882612,98.23840541882612,98.06811822790118,98.07955517414703,914
2025-01-01 21:15:00,98.07955517414703,98.07955517414703,97.78974555316017,97.9811309588665,903
2025-01-01 21:30:00,97.9811309588665,98.34665179192697,97.9811309588665,98.16051522841568,888
2025-01-01 21:45:00,98.16051522841568,98.32610079862218,98.16051522841568,98.2250559850279,433
2025-01-01 22:00:00,98.2250559850279,98.2250559850279,98.06219698581369,98.12098453368058,663
2025-01-01 22:15:00,98.12098453368058,98.35902739198896,98.03508402870271,98.22170914541289,255
2025-01-01 22:30:00,98.22170914541289,98.35322003361442,98.17163092820648,98.24077939104612,519
2025-01-01 22:45:00,98.24077939104612,98.57745106801511,98.24077939104612,98.43110026869248,688
2025-01-01 23:00:00,98.43110026869248,98.43110026869248,98.25973419400367,98.2928925517377,558
2025-01-01 23:15:00,98.2928925517377,98.2928925517377,98.05518983067677,98.22847883140008,138
2025-01-01 23:30:00,98.22847883140008,98.26122749945769,98.00672766683368,98.15144645656095,411
2025-01-01 23:45:00,98.15144645656095,98.15144645656095,97.81896083357701,97.86415423842102,135
2025-01-02 00:00:00,97.86415423842102,98.01277357014388,97.86415423842102,97.92211335935657,921
2025-01-02 00:15:00,97.92211335935657,98.08778257027717,97.92211335935657,97.97323952726748,461
2025-01-02 00:30:00,97.97323952726748,98.0055793165305,97.96375052827183,97.97424149109237,217
2025-01-02 00:45:00,97.97424149109237,98.03615778054377,97.80550217004698,97.92827449818037,125
2025-01-02 01:00:00,97.92827449818037,97.92827449818037,97.52497848121028,97.65106486909197,477
2025-01-02 01:15:00,97.65106486909197,97.65106486909197,97.3867926317818,97.56891194169148,251
2025-01-02 01:30:00,97.56891194169148,97.57918543879072,97.44702997051805,97.5020353767232,392
2025-01-02 01:45:00,97.5020353767232,97.5020353767232,97.19651601051075,97.34558804335202,711
2025-01-02 02:00:00,97.34558804335202,97.40469740665506,97.17735265759642,97.31418713846179,245
2025-01-02 02:15:00,97.31418713846179,97.54849156553688,97.31418713846179,97.3928268998488,538
2025-01-02 02:30:00,97.3928268998488,97.8816844618072,97.3928268998488,97.76022885380385,582
2025-01-02 02:45:00,97.76022885380385,97.96952171635803,97.69451291420403,97.79436238767433,760
2025-01-02 03:00:00,97.79436238767433,97.87292210571,97.79436238767433,97.84473634016118,754
2025-01-02 03:15:00,97.84473634016118,97.88391483016298,97.78099268690319,97.83016805816169,622
2025-01-02 03:30:00,97.83016805816169,97.83016805816169,97.3704684980239,97.45474063724595,608
2025-01-02 03:45:00,97.45474063724595,97.47067920821618,97.4126356967654,97.44957283153556,419
2025-01-02 04:00:00,97.44957283153556,97.49723520098196,97.31923418272714,97.46131164799618,934
2025-01-02 04:15:00,97.46131164799618,98.03556948606308,97.46131164799618,97.94145326237498,852
2025-01-02 04:30:00,97.94145326237498,97.94145326237498,97.82896593284163,97.90377303749173,401
2025-01-02 04:45:00,97.90377303749173,97.9925991160025,97.81519390736504,97.96281828261951,653
2025-01-02 05:00:00,97.96281828261951,98.13806706758633,97.79921903882831,97.95601735704369,135
2025-01-02 05:15:00,97.95601735704369,97.95601735704369,97.5471629985818,97.72705926476797,998
2025-01-02 05:30:00,97.72705926476797,98.03665439428188,97.72705926476797,97.95042869061447,169
2025-01-02 05:45:00,97.95042869061447,98.17518231451912,97.95042869061447,98.09773301641106,660
2025-01-02 06:00:00,98.09773301641106,98.42098388942578,98.09773301641106,98.25292989790802,527
2025-01-02 06:15:00,98.25292989790802,98.25292989790802,97.96162767044119,98.07422993421605,329
2025-01-02 06:30:00,98.07422993421605,98.47202015623253,98.07422993421605,98.34938587781838,911
2025-01-02 06:45:00,98.34938587781838,98.34938587781838,98.00037313210174,98.0736434955828,937
2025-01-02 07:00:00,98.0736434955828,98.20869830878266,98.0736434955828,98.18875392238323,713
2025-01-02 07:15:00,98.18875392238323,98.73488898852465,98.18875392238323,98.61891013922434,897
2025-01-02 07:30:00,98.61891013922434,98.61891013922434,98.30324866227278,98.42353891354895,541
2025-01-02 07:45:00,98.42353891354895,98.50401366435254,98.26875730124856,98.31206486029652,386
2025-01-02 08:00:00,98.31206486029652,98.4850779090211,98.28926791497929,98.33165872323234,717
2025-01-02 08:15:00,98.33165872323234,98.33165872323234,98.13707305295127,98.23264353084032,111
2025-01-02 08:30:00,98.23264353084032,98.23264353084032,97.79165876706729,97.92799199471986,614
2025-01-02 08:45:00,97.92799199471986,98.12758424931684,97.8868384680632,97.94142046361574,447
2025-01-02 09:00:00,97.94142046361574,97.94142046361574,97.71952838661763,97.73333339424353,971
2025-01-02 09:15:00,97.73333339424353,97.98193889098584,97.73333339424353,97.82590492807603,385
2025-01-02 09:30:00,97.82590492807603,97.82590492807603,97.51753663190206,97.64601791262258,555
2025-01-02 09:45:00,97.64601791262258,98.10220913786843,97.64601791262258,97.94870775797403,883
2025-01-02 10:00:00,97.94870775797403,97.94870775797403,97.7550026983934,97.79527046231101,608
2025-01-02 10:15:00,97.79527046231101,97.79527046231101,97.66468388851574,97.73227827614535,213
2025-01-02 10:30:00,97.73227827614535,97.96621021364658,97.73227827614535,97.89129205828615,869
2025-01-02 10:45:00,97.89129205828615,97.89129205828615,97.5350878359825,97.65031026171785,942
2025-01-02 11:00:00,97.65031026171785,97.86153768865451,97.63158965578067,97.69473332809025,765
2025-01-02 11:15:00,97.69473332809025,98.0742481770315,97.69473332809025,97.95013525369299,518
2025-01-02 11:30:00,97.95013525369299,97.95013525369299,97.51605725056598,97.63522885320636,415
2025-01-02 11:45:00,97.63522885320636,97.84305313324163,97.62166539354216,97.67128239127005,338
2025-01-02 12:00:00,97.67128239127005,97.80751253055293,97.60949936527699,97.72204856284138,528
2025-01-02 12:15:00,97.72204856284138,97.95716965388866,97.69803610724354,97.87485122812811,769
2025-01-02 12:30:00,97.87485122812811,97.87485122812811,97.59587566515832,97.63271849452066,106
2025-01-02 12:45:00,97.63271849452066,97.63271849452066,97.34950429316194,97.37487895694169,504
2025-01-02 13:00:00,97.37487895694169,97.49087677723624,97.37487895694169,97.47652695049078,565
2025-01-02 13:15:00,97.47652695049078,97.72631636819933,97.4155471480025,97.53442501949937,365
2025-01-02 13:30:00,97.53442501949937,97.74955967884985,97.53442501949937,97.58328837175932,921
2025-01-02 13:45:00,97.58328837175932,97.72051174415266,97.52569300338344,97.65090348282578,932
2025-01-02 14:00:00,97.65090348282578,97.65090348282578,97.36277956374863,97.5180934259202,480
2025-01-02 14:15:00,97.5180934259202,97.63372227649329,97.37235977115246,97.5633913013967,124
2025-01-02 14:30:00,97.5633913013967,97.75717589848959,97.5633913013967,97.62057759018093,636
2025-01-02 14:45:00,97.62057759018093,97.62057759018093,97.45591336919246,97.48110679412072,111
2025-01-02 15:00:00,97.48110679412072,98.03836853348913,97.48110679412072,97.84486232287003,752
2025-01-02 15:15:00,97.84486232287003,98.12551189972923,97.76112657009772,97.93758655669134,927
2025-01-02 15:30:00,97.93758655669134,97.93758655669134,97.6941766017833,97.70423977794619,142
2025-01-02 15:45:00,97.70423977794619,97.96025763178683,97.6989977128006,97.83253592035625,566
2025-01-02 16:00:00,97.83253592035625,97.83253592035625,97.52458095410043,97.64182476132942,877
2025-01-02 16:15:00,97.64182476132942,97.84576303185776,97.64182476132942,97.79552951523132,789
2025-01-02 16:30:00,97.79552951523132,98.04311875810671,97.79552951523132,98.0221404515174,556
2025-01-02 16:45:00,98.0221404515174,98.0221404515174,97.81882407244181,97.86125037656632,248
2025-01-02 17:00:00,97.86125037656632,98.08286790023816,97.86125037656632,98.0498047617479,982
2025-01-02 17:15:00,98.0498047617479,98.17452655403063,97.98934350978072,98.1307509403389,708
2025-01-02 17:30:00,98.1307509403389,98.39887990632415,98.09271729974363,98.2920897019757,884
2025-01-02 17:45:00,98.2920897019757,98.7191718462968,98.2920897019757,98.6649691939699,320
2025-01-02 18:00:00,98.6649691939699,98.74508698105333,98.5064088940147,98.61654677215792,330
2025-01-02 18:15:00,98.61654677215792,98.61654677215792,98.30738726633095,98.46788505674546,802
2025-01-02 18:30:00,98.46788505674546,98.46788505674546,98.24572957027416,98.2927078475201,618
2025-01-02 18:45:00,98.2927078475201,98.2927078475201,98.03082082268025,98.13233144352188,554
2025-01-02 19:00:00,98.13233144352188,98.26658583482238,97.96103117272386,98.11719910251571,609
2025-01-02 19:15:00,98.11719910251571,98.24137510395614,98.11719910251571,98.18414485499031,504
2025-01-02 19:30:00,98.18414485499031,98.25212468662961,98.17911364437167,98.23847815403323,749
2025-01-02 19:45:00,98.23847815403323,98.54038581828812,98.23847815403323,98.40100060111286,164
2025-01-02 20:00:00,98.40100060111286,98.47502447448701,98.23504175992244,98.40355939945384,592
2025-01-02 20:15:00,98.40355939945384,98.88504126668812,98.40355939945384,98.68962525325522,272
2025-01-02 20:30:00,98.68962525325522,98.68962525325522,98.55681985801576,98.63738748586928,596
2025-01-02 20:45:00,98.63738748586928,99.2881205489983,98.63738748586928,99.1740082460933,407
2025-01-02 21:00:00,99.1740082460933,99.35865178632743,99.1740082460933,99.29810812350641,609
2025-01-02 21:15:00,99.29810812350641,99.29810812350641,99.0561914499655,99.1278798760746,863
2025-01-02 21:30:00,99.1278798760746,99.1278798760746,98.75153894394121,98.9155692702586,832
2025-01-02 21:45:00,98.9155692702586,99.09596783040887,98.91372245148342,99.01101733748057,120
2025-01-02 22:00:00,99.01101733748057,99.1584489982795,98.93146923126235,98.9667667820562,291
2025-01-02 22:15:00,98.9667667820562,99.26760306620689,98.9667667820562,99.10809142281838,228
2025-01-02 22:30:00,99.10809142281838,99.36558263605119,99.10809142281838,99.20189477834029,196
2025-01-02 22:45:00,99.20189477834029,99.35721084617079,99.17014423977702,99.18744524607986,331
2025-01-02 23:00:00,99.18744524607986,99.18744524607986,98.88839435439503,99.0194626349886,901
2025-01-02 23:15:00,99.0194626349886,99.0194626349886,98.62394027650384,98.71946391866359,178
2025-01-02 23:30:00,98.71946391866359,98.81028875932863,98.5356867504855,98.63130448526415,272
2025-01-02 23:45:00,98.63130448526415,98.83877205590684,98.63130448526415,98.8002399457516,548
2025-01-03 00:00:00,98.8002399457516,98.93676685894778,98.8002399457516,98.84254497233349,299
2025-01-03 00:15:00,98.84254497233349,98.84254497233349,98.45017954608434,98.59628098981625,720
2025-01-03 00:30:00,98.59628098981625,98.7928357863151,98.59628098981625,98.63043098027086,116
2025-01-03 00:45:00,98.63043098027086,98.89817428440143,98.55631243042733,98.70643901872454,925
2025-01-03 01:00:00,98.70643901872454,98.70643901872454,98.33355238078393,98.53195417846928,535
2025-01-03 01:15:00,98.53195417846928,98.71943201958392,98.42658743255612,98.5622478486595,639
2025-01-03 01:30:00,98.5622478486595,98.65114207137715,98.48541733617841,98.57372221292835,872
2025-01-03 01:45:00,98.57372221292835,98.57372221292835,98.19315773383424,98.34838853965637,419
2025-01-03 02:00:00,98.34838853965637,98.50938056863473,98.34838853965637,98.4187641603166,467
2025-01-03 02:15:00,98.4187641603166,98.72304100702793,98.4187641603166,98.52914760040737,867
2025-01-03 02:30:00,98.52914760040737,98.79586189133582,98.52914760040737,98.74257183200262,562
2025-01-03 02:45:00,98.74257183200262,98.99976266145931,98.74257183200262,98.95068208164216,481
2025-01-03 03:00:00,98.95068208164216,98.95068208164216,98.65488111616315,98.67803943435747,316
2025-01-03 03:15:00,98.67803943435747,98.67803943435747,98.47498322936292,98.49295396181493,469
2025-01-03 03:30:00,98.49295396181493,98.66562959719319,98.49295396181493,98.59440865153871,958
2025-01-03 03:45:00,98.59440865153871,98.89191585812421,98.57136399351512,98.69572149554602,792
2025-01-03 04:00:00,98.69572149554602,98.9822439659869,98.68844155460671,98.7973875015552,387
2025-01-03 04:15:00,98.7973875015552,99.69339804899148,98.7973875015552,99.5586671135985,882
2025-01-03 04:30:00,99.5586671135985,99.7033948230375,99.5486203108433,99.67234131022333,764
2025-01-03 04:45:00,99.67234131022333,99.98014893144867,99.67234131022333,99.89871028235981,725
2025-01-03 05:00:00,99.89871028235981,100.27850178309144,99.89871028235981,100.08931737391995,824
2025-01-03 05:15:00,100.08931737391995,100.35814861765444,100.08931737391995,100.21971198529303,212
2025-01-03 05:30:00,100.21971198529303,100.28922365390615,100.09219730954622,100.15651959950166,643
2025-01-03 05:45:00,100.15651959950166,100.37876630141271,100.13148998531759,100.30855103071717,879
2025-01-03 06:00:00,100.30855103071717,100.33810511716814,100.09558328194369,100.15350907577663,496
2025-01-03 06:15:00,100.15350907577663,100.15807468739393,99.9101771638456,100.10607264681772,401
2025-01-03 06:30:00,100.10607264681772,100.15731019832023,99.85137195482459,100.00889696965953,335
2025-01-03 06:45:00,100.00889696965953,100.0455063137299,99.95446188622128,100.02527325440028,761
2025-01-03 07:00:00,100.02527325440028,100.68540921615423,100.02527325440028,100.48832196564457,896
2025-01-03 07:15:00,100.48832196564457,100.48832196564457,100.08253596812493,100.11304527390776,312
2025-01-03 07:30:00,100.11304527390776,100.39838865182227,100.08507325625224,100.25045246892506,706
2025-01-03 07:45:00,100.25045246892506,100.25045246892506,99.88847301687902,99.9271014773439,143
2025-01-03 08:00:00,99.9271014773439,99.98201620396323,99.71975884141419,99.83278391045764,800
2025-01-03 08:15:00,99.83278391045764,100.20146036908461,99.83278391045764,100.05020984973005,729
2025-01-03 08:30:00,100.05020984973005,100.18042648717254,99.9221841011398,100.06307230852933,906
2025-01-03 08:45:00,100.06307230852933,100.06307230852933,99.67073109735401,99.84738740124118,328
2025-01-03 09:00:00,99.84738740124118,99.84738740124118,99.60684906796536,99.70454498810511,755
2025-01-03 09:15:00,99.70454498810511,100.00429587797454,99.6891376650826,99.84006295677005,614
2025-01-03 09:30:00,99.84006295677005,99.89266714654211,99.66537941686416,99.69422325578573,323
2025-01-03 09:45:00,99.69422325578573,99.91454773002553,99.60244613826875,99.73738259769657,572
2025-01-03 10:00:00,99.73738259769657,99.86193917012834,99.59718948351527,99.7464730297609,330
2025-01-03 10:15:00,99.7464730297609,99.7464730297609,99.47578537588645,99.61648335676362,211
2025-01-03 10:30:00,99.61648335676362,100.20254813720005,99.61648335676362,100.04362769814783,697
2025-01-03 10:45:00,100.04362769814783,100.3415958957818,100.00087365921334,100.17046681546695,111
2025-01-03 11:00:00,100.17046681546695,100.17046681546695,99.71627655248882,99.76474785892022,517
2025-01-03 11:15:00,99.76474785892022,99.95609950844165,99.66305901797809,99.80195099432056,854
2025-01-03 11:30:00,99.80195099432056,99.8398302042539,99.57049521339019,99.66985583366953,310
2025-01-03 11:45:00,99.66985583366953,100.03908317299262,99.66985583366953,99.83977964884345,480
2025-01-03 12:00:00,99.83977964884345,99.83977964884345,99.52325349959094,99.68152945705891,326
2025-01-03 12:15:00,99.68152945705891,99.6948415999594,99.52267726826406,99.65865524911915,921
2025-01-03 12:30:00,99.65865524911915,99.90147540323574,99.65865524911915,99.75930795540134,137
2025-01-03 12:45:00,99.75930795540134,99.97375040585217,99.75930795540134,99.93204223345975,119
2025-01-03 13:00:00,99.93204223345975,99.93204223345975,99.51603622155868,99.69214609097462,320
2025-01-03 13:15:00,99.69214609097462,99.75749364875448,99.60312961588072,99.62545179883249,435
2025-01-03 13:30:00,99.62545179883249,99.62545179883249,99.38725926263825,99.5308185164242,987
2025-01-03 13:45:00,99.5308185164242,99.5308185164242,99.26223682179365,99.40076572986666,693
2025-01-03 14:00:00,99.40076572986666,99.87614840892658,99.40076572986666,99.75174073655661,916
2025-01-03 14:15:00,99.75174073655661,99.9634692215256,99.75174073655661,99.83253599782626,763
2025-01-03 14:30:00,99.83253599782626,99.83253599782626,99.42165108665459,99.58078151230578,216
2025-01-03 14:45:00,99.58078151230578,99.92342117560979,99.58078151230578,99.76358433232203,531
2025-01-03 15:00:00,99.76358433232203,100.26797004304348,99.76358433232203,100.18701214977608,212
2025-01-03 15:15:00,100.18701214977608,100.48635504855523,100.18701214977608,100.3938913689822,727
2025-01-03 15:30:00,100.3938913689822,100.3938913689822,99.92656072835392,100.08882044235963,402
2025-01-03 15:45:00,100.08882044235963,100.19157363518192,99.804596075062,99.99188760801727,912
2025-01-03 16:00:00,99.99188760801727,100.28821049660543,99.99188760801727,100.2452492824949,759
2025-01-03 16:15:00,100.2452492824949,100.262642085949,100.0708844022383,100.10336827851376,809
2025-01-03 16:30:00,100.10336827851376,100.39053793988957,100.04025219617253,100.19222391784352,970
2025-01-03 16:45:00,100.19222391784352,100.46610426644786,100.19222391784352,100.34744853491469,604
2025-01-03 17:00:00,100.34744853491469,100.34744853491469,99.965285443474,100.16141831933044,870
2025-01-03 17:15:00,100.16141831933044,100.16447140577331,100.13489759601286,100.14949403115222,353
2025-01-03 17:30:00,100.14949403115222,100.14949403115222,99.35771404366817,99.50027146289698,976
2025-01-03 17:45:00,99.50027146289698,99.50027146289698,99.27575190645588,99.29641776610497,646
2025-01-03 18:00:00,99.29641776610497,99.33789433517506,99.07044079316259,99.24625954075466,448
2025-01-03 18:15:00,99.24625954075466,99.24625954075466,98.89721177355584,98.99858391369892,173
2025-01-03 18:30:00,98.99858391369892,99.50989385450784,98.99858391369892,99.32179672860683,701
2025-01-03 18:45:00,99.32179672860683,99.32179672860683,98.88939983781187,99.03770830613688,740
2025-01-03 19:00:00,99.03770830613688,99.10878679315816,98.93921076238185,98.95054631110644,908
2025-01-03 19:15:00,98.95054631110644,99.01661256605858,98.85047723580065,98.97642001420141,287
2025-01-03 19:30:00,98.97642001420141,99.34750300067282,98.97642001420141,99.26172415502911,647
2025-01-03 19:45:00,99.26172415502911,99.26172415502911,98.9129501684591,98.97667184947908,717
2025-01-03 20:00:00,98.97667184947908,99.27053954767929,98.97667184947908,99.20692400348759,262
2025-01-03 20:15:00,99.20692400348759,99.27132072885036,99.04940033000705,99.20895438450135,947
2025-01-03 20:30:00,99.20895438450135,99.20895438450135,98.92271698353814,99.01420549052173,828
2025-01-03 20:45:00,99.01420549052173,99.26329011306039,99.01420549052173,99.10571510723891,912
2025-01-03 21:00:00,99.10571510723891,99.31725804264326,99.10571510723891,99.14517101419656,949
2025-01-03 21:15:00,99.14517101419656,99.20837692046896,98.98969718382119,99.02615380433353,295
2025-01-03 21:30:00,99.02615380433353,99.1098642773502,98.88332530036719,99.0399782683417,169
2025-01-03 21:45:00,99.0399782683417,99.1446237035029,98.94950892243499,98.96365536782233,859
2025-01-03 22:00:00,98.96365536782233,99.10030446159776,98.95180579106835,98.98612355068974,298
2025-01-03 22:15:00,98.98612355068974,99.2019621390465,98.94991205688821,99.11720704819942,987
2025-01-03 22:30:00,99.11720704819942,99.4910401427778,99.11720704819942,99.43161016249502,413
2025-01-03 22:45:00,99.43161016249502,99.43161016249502,99.14791082247797,99.18545418623013,698
2025-01-03 23:00:00,99.18545418623013,99.65622450457381,99.18545418623013,99.60858595434946,470
2025-01-03 23:15:00,99.60858595434946,99.60858595434946,99.0940763617988,99.21969654361112,544
2025-01-03 23:30:00,99.21969654361112,99.22125460060127,99.15083950401292,99.18957640147256,807
2025-01-03 23:45:00,99.18957640147256,99.39570435790975,99.18957640147256,99.30628627047436,697
2025-01-04 00:00:00,99.30628627047436,99.47872711796198,99.25265051502717,99.3620947881883,672
2025-01-04 00:15:00,99.3620947881883,99.3620947881883,99.15159353426031,99.23834933076236,142
2025-01-04 00:30:00,99.23834933076236,99.23834933076236,99.05255324511978,99.19704191359344,628
2025-01-04 00:45:00,99.19704191359344,99.22568447539963,99.04626550503377,99.09923344483586,709
2025-01-04 01:00:00,99.09923344483586,99.09923344483586,98.9409250909397,98.98242225357072,613
2025-01-04 01:15:00,98.98242225357072,99.28680930435644,98.98242225357072,99.15061360060041,941
2025-01-04 01:30:00,99.15061360060041,99.31924636618723,99.13317475669605,99.22141020959711,736
2025-01-04 01:45:00,99.22141020959711,99.23627118063027,99.01869563885487,99.08390727521807,393
2025-01-04 02:00:00,99.08390727521807,99.42539570377674,99.08390727521807,99.2621790165025,803
2025-01-04 02:15:00,99.2621790165025,99.48404350271831,99.2187068298486,99.32318545660839,131
2025-01-04 02:30:00,99.32318545660839,99.5437955251973,99.32318545660839,99.48465756656857,482
2025-01-04 02:45:00,99.48465756656857,99.76403513942931,99.45665392677411,99.60993438603418,754
2025-01-04 03:00:00,99.60993438603418,99.60993438603418,99.2679943938967,99.44478210874558,825
2025-01-04 03:15:00,99.44478210874558,99.44478210874558,99.27482421029336,99.33336794577792,480
2025-01-04 03:30:00,99.33336794577792,99.57756580245479,99.28468229239363,99.4818303270604,125
2025-01-04 03:45:00,99.4818303270604,99.71928816979415,99.4818303270604,99.60327182942545,859
2025-01-04 04:00:00,99.60327182942545,99.69725505672923,99.4163562560212,99.5991080951349,196
2025-01-04 04:15:00,99.5991080951349,99.70671789006687,99.46079410483766,99.62247950060028,778
2025-01-04 04:30:00,99.62247950060028,100.01183601027653,99.62247950060028,99.87704779037891,277
2025-01-04 04:45:00,99.87704779037891,99.87704779037891,99.66507527256292,99.75887898263056,878
2025-01-04 05:00:00,99.75887898263056,99.91675025274454,99.75860199558328,99.86803462551028,607
2025-01-04 05:15:00,99.86803462551028,99.98829179949814,99.70790672036429,99.82764945988171,696
2025-01-04 05:30:00,99.82764945988171,99.85353458354041,99.6520800692244,99.78418825418215,337
2025-01-04 05:45:00,99.78418825418215,100.114744851455,99.78418825418215,100.00346936667823,567
2025-01-04 06:00:00,100.00346936667823,100.28454420028635,100.00346936667823,100.1685583638198,947
2025-01-04 06:15:00,100.1685583638198,100.50439859755608,100.14936732032082,100.33153453872632,725
2025-01-04 06:30:00,100.33153453872632,100.63557822205424,100.33153453872632,100.59349592278548,319
2025-01-04 06:45:00,100.59349592278548,100.64610459949726,100.55271890304556,100.59772162250079,712
2025-01-04 07:00:00,100.59772162250079,100.88412814742587,100.5690557264174,100.73492745283271,712
2025-01-04 07:15:00,100.73492745283271,100.76607950388976,100.5455114296365,100.67241805439977,857
2025-01-04 07:30:00,100.67241805439977,100.9104933233678,100.67241805439977,100.73768727551354,913
2025-01-04 07:45:00,100.73768727551354,100.78220335305329,100.5136676169013,100.71146665488959,208
2025-01-04 08:00:00,100.71146665488959,100.92798482729458,100.59409906690495,100.73100386667764,368
2025-01-04 08:15:00,100.73100386667764,100.92227752363215,100.65146054609325,100.85090539593877,605
2025-01-04 08:30:00,100.85090539593877,100.85090539593877,100.64504445540453,100.68586880250321,894
2025-01-04 08:45:00,100.68586880250321,101.24772005350886,100.68586880250321,101.1072164639506,295
2025-01-04 09:00:00,101.1072164639506,101.1072164639506,100.72463619956166,100.90378522963503,481
2025-01-04 09:15:00,100.90378522963503,100.90378522963503,100.46379587151355,100.65875277560903,575
2025-01-04 09:30:00,100.65875277560903,101.06495440791367,100.65875277560903,100.89190076781381,533
2025-01-04 09:45:00,100.89190076781381,101.08268768034617,100.89190076781381,101.05164547573557,476
2025-01-04 10:00:00,101.05164547573557,101.27730404550708,101.01167113414486,101.17778214470985,975
2025-01-04 10:15:00,101.17778214470985,101.37460290585436,101.17778214470985,101.30493135480575,230
2025-01-04 10:30:00,101.30493135480575,101.47961620149142,101.19261740445693,101.3024500378406,376
2025-01-04 10:45:00,101.3024500378406,101.3024500378406,101.0940978066752,101.12066190556324,516
2025-01-04 11:00:00,101.12066190556324,101.19156880118688,101.09901804170866,101.13599271976325,140
2025-01-04 11:15:00,101.13599271976325,101.14955942305016,100.95268239650831,100.99902187591208,174
2025-01-04 11:30:00,100.99902187591208,101.32971219561381,100.99902187591208,101.19599415448629,761
2025-01-04 11:45:00,101.19599415448629,101.31646405208286,101.00305370125783,101.16623091864855,961
2025-01-04 12:00:00,101.16623091864855,101.19523597680463,100.86871903230556,100.99920603858175,823
2025-01-04 12:15:00,100.99920603858175,101.08475260858506,100.90408130091517,100.93428660890376,582
2025-01-04 12:30:00,100.93428660890376,101.1580466597855,100.93428660890376,101.01764449241514,553
2025-01-04 12:45:00,101.01764449241514,101.07634231867367,100.8505881236471,100.90375223948156,858
2025-01-04 13:00:00,100.90375223948156,100.90375223948156,100.60567443040944,100.7378219933206,615
2025-01-04 13:15:00,100.7378219933206,100.96153246889499,100.73596835611689,100.78691903118724,242
2025-01-04 13:30:00,100.78691903118724,100.88670031463312,100.78691903118724,100.83629788312261,728
2025-01-04 13:45:00,100.83629788312261,100.83629788312261,100.57980407775796,100.73406133703952,559
2025-01-04 14:00:00,100.73406133703952,100.73406133703952,100.47575688813444,100.63916213389903,863
2025-01-04 14:15:00,100.63916213389903,100.82221588809726,100.62641425349928,100.68586875643682,836
2025-01-04 14:30:00,100.68586875643682,100.68586875643682,100.38422970060854,100.3942654965243,542
2025-01-04 14:45:00,100.3942654965243,100.3942654965243,100.01672235951807,100.1116629128413,649
2025-01-04 15:00:00,100.1116629128413,100.1116629128413,99.88530735286713,99.96781362144189,801
2025-01-04 15:15:00,99.96781362144189,100.00741403558557,99.72954586886416,99.92513793128118,945
2025-01-04 15:30:00,99.92513793128118,100.08829620602334,99.92513793128118,99.98727289403371,523
2025-01-04 15:45:00,99.98727289403371,100.43288836633951,99.98727289403371,100.28230658339379,826
2025-01-04 16:00:00,100.28230658339379,100.48853900624043,100.28230658339379,100.45432275395008,721
2025-01-04 16:15:00,100.45432275395008,100.60523605124295,100.26893695884722,100.42218972053061,812
2025-01-04 16:30:00,100.42218972053061,100.58786799486022,100.22182867033555,100.41837042205508,817
2025-01-04 16:45:00,100.41837042205508,100.41837042205508,100.14912298373734,100.21702569186071,474
2025-01-04 17:00:00,100.21702569186071,100.32452344749464,100.0826480988871,100.21331502900995,497
2025-01-04 17:15:00,100.21331502900995,100.21331502900995,100.12261317773681,100.15546015077403,775
2025-01-04 17:30:00,100.15546015077403,100.24844575193086,100.15546015077403,100.22010420259373,419
2025-01-04 17:45:00,100.22010420259373,100.22010420259373,99.9903664549344,100.05429385986888,753
2025-01-04 18:00:00,100.05429385986888,100.2819074793874,100.05429385986888,100.15821955737083,433
2025-01-04 18:15:00,100.15821955737083,100.61645906627511,100.15821955737083,100.46525235851611,167
2025-01-04 18:30:00,100.46525235851611,100.6200746238544,100.26671939205661,100.44339912699358,736
2025-01-04 18:45:00,100.44339912699358,100.64680980698753,100.34456023402059,100.52409770866713,226
2025-01-04 19:00:00,100.52409770866713,100.79182338538146,100.52409770866713,100.66284991277877,161
2025-01-04 19:15:00,100.66284991277877,100.74304379344504,100.56548656981397,100.58207392049201,134
2025-01-04 19:30:00,100.58207392049201,100.68803086197578,100.46721273278112,100.62715329363299,568
2025-01-04 19:45:00,100.62715329363299,100.73876224943888,100.60759579575613,100.6296875685206,375
2025-01-04 20:00:00,100.6296875685206,100.70118860634206,100.54655461957361,100.64934579908036,300
2025-01-04 20:15:00,100.64934579908036,100.67656903669064,100.35659189103944,100.49373994099768,581
2025-01-04 20:30:00,100.49373994099768,100.6756721702071,100.38002943226428,100.49866617915346,400
2025-01-04 20:45:00,100.49866617915346,100.74070809387761,100.49866617915346,100.59876250721278,537
2025-01-04 21:00:00,100.59876250721278,100.98330224210481,100.59876250721278,100.89072900954166,972
2025-01-04 21:15:00,100.89072900954166,101.15904705842438,100.89072900954166,101.0842920754643,505
2025-01-04 21:30:00,101.0842920754643,101.64494494427458,101.0842920754643,101.51959792431802,887
2025-01-04 21:45:00,101.51959792431802,101.52366872235483,101.23227123558905,101.36379629221281,922
2025-01-04 22:00:00,101.36379629221281,101.64798887259063,101.36379629221281,101.54063975485693,505
2025-01-04 22:15:00,101.54063975485693,101.73735564764948,101.38342750473993,101.57787308397013,591
2025-01-04 22:30:00,101.57787308397013,102.21334503282009,101.57787308397013,102.0227441328287,460
2025-01-04 22:45:00,102.0227441328287,102.0227441328287,101.72733474856761,101.85781451452911,361
2025-01-04 23:00:00,101.85781451452911,101.86613125420828,101.67619505504176,101.68675005123981,672
2025-01-04 23:15:00,101.68675005123981,101.68675005123981,101.54617620935473,101.56484947100017,747
2025-01-04 23:30:00,101.56484947100017,101.56484947100017,101.0341912347476,101.13342317193693,540
2025-01-04 23:45:00,101.13342317193693,101.13342317193693,100.92549256071081,101.0270803617521,523
2025-01-05 00:00:00,101.0270803617521,101.0270803617521,100.77867550209281,100.87369444894408,951
2025-01-05 00:15:00,100.87369444894408,100.9533645925754,100.79588720326737,100.9040360026721,148
2025-01-05 00:30:00,100.9040360026721,100.98446128344335,100.9040360026721,100.97300511723999,654
2025-01-05 00:45:00,100.97300511723999,101.52223600913413,100.97300511723999,101.35189033273791,906
2025-01-05 01:00:00,101.35189033273791,101.70703611709295,101.35189033273791,101.5445448379728,417
2025-01-05 01:15:00,101.5445448379728,101.5445448379728,101.40894832300113,101.42738199971359,332
2025-01-05 01:30:00,101.42738199971359,101.42738199971359,101.2185866778924,101.2451343035836,652
2025-01-05 01:45:00,101.2451343035836,101.51020241581713,101.23373925048013,101.34474314875497,670
2025-01-05 02:00:00,101.34474314875497,101.34474314875497,100.90104347854086,101.07714575823104,496
2025-01-05 02:15:00,101.07714575823104,101.58571284691787,101.07714575823104,101.44738300748392,432
2025-01-05 02:30:00,101.44738300748392,101.87327630675622,101.44738300748392,101.68668523480633,267
2025-01-05 02:45:00,101.68668523480633,101.68668523480633,101.50317339679506,101.59126740109552,555
2025-01-05 03:00:00,101.59126740109552,101.59126740109552,101.18413546672136,101.24318838501767,544
2025-01-05 03:15:00,101.24318838501767,101.58610991306539,101.24318838501767,101.51732909667146,202
2025-01-05 03:30:00,101.51732909667146,101.68533983258224,101.3470087826309,101.49407353834108,252
2025-01-05 03:45:00,101.49407353834108,101.87625183826471,101.49407353834108,101.74533557792986,530
2025-01-05 04:00:00,101.74533557792986,101.74533557792986,101.29616328747196,101.42088442353234,949
2025-01-05 04:15:00,101.42088442353234,101.42088442353234,101.16290063429784,101.29930613367367,772
2025-01-05 04:30:00,101.29930613367367,101.39705343666127,101.22024842582515,101.30036849995972,758
2025-01-05 04:45:00,101.30036849995972,101.43318789146461,101.19546590810393,101.30988680288114,212
2025-01-05 05:00:00,101.30988680288114,101.30988680288114,101.19346043626668,101.21869463894224,754
2025-01-05 05:15:00,101.21869463894224,101.4972543984015,101.21869463894224,101.34478275315857,896
2025-01-05 05:30:00,101.34478275315857,101.34478275315857,101.04962243394215,101.12838723220135,942
2025-01-05 05:45:00,101.12838723220135,101.22334157325166,100.99418083091825,101.09959001681104,662
2025-01-05 06:00:00,101.09959001681104,101.3074382149443,100.9975247359193,101.12391369490481,639
2025-01-05 06:15:00,101.12391369490481,101.27060904287029,101.09676118381205,101.22795783141814,728
2025-01-05 06:30:00,101.22795783141814,101.55349460154522,101.22795783141814,101.37202847316091,449
2025-01-05 06:45:00,101.37202847316091,101.37202847316091,101.13178971681023,101.14401397284911,367
2025-01-05 07:00:00,101.14401397284911,101.14401397284911,100.73134094878591,100.83368104260745,912
2025-01-05 07:15:00,100.83368104260745,101.17722681907213,100.83368104260745,101.09134675687714,673
2025-01-05 07:30:00,101.09134675687714,101.27467695423714,101.08333310180875,101.15853489891155,378
2025-01-05 07:45:00,101.15853489891155,101.17228070453845,100.98430023064307,101.00710329605232,376
2025-01-05 08:00:00,101.00710329605232,101.4620316687584,101.00710329605232,101.32045803169125,710
2025-01-05 08:15:00,101.32045803169125,101.36864522804863,101.23081691552852,101.34389844554966,733
2025-01-05 08:30:00,101.34389844554966,101.70508184682852,101.34389844554966,101.58292759366742,899
2025-01-05 08:45:00,101.58292759366742,101.76290529468103,101.42370819952842,101.59664504368406,946
2025-01-05 09:00:00,101.59664504368406,102.16965188947455,101.59664504368406,102.01537519458155,174
2025-01-05 09:15:00,102.01537519458155,102.49413646570687,102.01537519458155,102.37351870385399,924
2025-01-05 09:30:00,102.37351870385399,102.37351870385399,102.23787892921655,102.32254403203216,778
2025-01-05 09:45:00,102.32254403203216,102.6285907183012,102.32254403203216,102.5213712548507,106
2025-01-05 10:00:00,102.5213712548507,102.69079379687899,102.47458247281851,102.65370090950343,292
2025-01-05 10:15:00,102.65370090950343,103.12455354108667,102.65370090950343,102.9346910986279,301
2025-01-05 10:30:00,102.9346910986279,102.9346910986279,102.60503146161423,102.73604290193063,526
2025-01-05 10:45:00,102.73604290193063,102.96032348193536,102.71658047712565,102.8770073263853,494
2025-01-05 11:00:00,102.8770073263853,103.16391373782344,102.8770073263853,103.0947824137614,424
2025-01-05 11:15:00,103.0947824137614,103.0947824137614,102.56222124567934,102.73214868441083,539
2025-01-05 11:30:00,102.73214868441083,102.73214868441083,102.39277099747302,102.48903130550029,487
2025-01-05 11:45:00,102.48903130550029,102.48903130550029,101.87634864575466,102.07103344448902,475
2025-01-05 12:00:00,102.07103344448902,102.21175207888967,101.90497276223189,102.0160361764715,656
2025-01-05 12:15:00,102.0160361764715,102.24543708538968,102.0160361764715,102.16243780992238,462
2025-01-05 12:30:00,102.16243780992238,102.55312421211839,102.16243780992238,102.46940672772848,917
2025-01-05 12:45:00,102.46940672772848,102.55410081371429,102.4466498725033,102.48459162411095,344
2025-01-05 13:00:00,102.48459162411095,102.88336412898686,102.48459162411095,102.81840762231205,224
2025-01-05 13:15:00,102.81840762231205,102.81840762231205,102.45339527585175,102.53460795373029,134
2025-01-05 13:30:00,102.53460795373029,102.53460795373029,102.06073750597008,102.18529665250118,300
2025-01-05 13:45:00,102.18529665250118,102.37090683733093,102.10914730313539,102.17394433632094,530
2025-01-05 14:00:00,102.17394433632094,102.29122831556909,102.17394433632094,102.25242729992381,835
2025-01-05 14:15:00,102.25242729992381,102.32041461502699,102.1328736198226,102.24574106521864,264
2025-01-05 14:30:00,102.24574106521864,102.24574106521864,101.71183783504432,101.82296676596263,464
2025-01-05 14:45:00,101.82296676596263,101.95957917671458,101.63642433955151,101.80481783231966,998
2025-01-05 15:00:00,101.80481783231966,101.80481783231966,101.47994164209597,101.53921527258622,662
2025-01-05 15:15:00,101.53921527258622,101.71887379858346,101.53921527258622,101.6752113227818,482
2025-01-05 15:30:00,101.6752113227818,101.81110629257158,101.55613992775211,101.74975923106673,458
2025-01-05 15:45:00,101.74975923106673,101.74975923106673,101.51709815755274,101.55849414713683,379
2025-01-05 16:00:00,101.55849414713683,101.65406466929296,101.41551996308729,101.45411904650334,965
2025-01-05 16:15:00,101.45411904650334,101.45411904650334,101.15285792488825,101.23919589701258,372
2025-01-05 16:30:00,101.23919589701258,101.37607453959068,101.15941175093353,101.2265047341976,313
2025-01-05 16:45:00,101.2265047341976,101.53805787007833,101.2265047341976,101.4198761714537,264
2025-01-05 17:00:00,101.4198761714537,101.4198761714537,101.18181475633752,101.21993174433703,616
2025-01-05 17:15:00,101.21993174433703,101.42232459925289,101.20879618117844,101.32197085213039,758
2025-01-05 17:30:00,101.32197085213039,101.32197085213039,101.09184460315618,101.21451735822468,965
2025-01-05 17:45:00,101.21451735822468,101.21451735822468,100.9426734166715,101.05401687613691,239
2025-01-05 18:00:00,101.05401687613691,101.05401687613691,100.88067177319557,101.0323851805347,586
2025-01-05 18:15:00,101.0323851805347,101.0323851805347,100.6622991525026,100.82319917838699,119
2025-01-05 18:30:00,100.82319917838699,100.82319917838699,100.69501015072025,100.711557790011,681
2025-01-05 18:45:00,100.711557790011,100.711557790011,100.37236912783891,100.47027749280133,403
2025-01-05 19:00:00,100.47027749280133,100.89286821133781,100.47027749280133,100.8650704514037,681
2025-01-05 19:15:00,100.8650704514037,100.99404316191664,100.79087149020695,100.87218417271168,201
2025-01-05 19:30:00,100.87218417271168,100.87218417271168,100.6141032692723,100.73101849208655,506
2025-01-05 19:45:00,100.73101849208655,100.85757001707313,100.66698498295861,100.77412732077676,860
2025-01-05 20:00:00,100.77412732077676,100.830318734963,100.60360167040248,100.75148779841427,830
2025-01-05 20:15:00,100.75148779841427,100.79440276622091,100.53973317139169,100.70696176659189,850
2025-01-05 20:30:00,100.70696176659189,100.94963399212762,100.6390145340648,100.83066349135106,147
2025-01-05 20:45:00,100.83066349135106,101.18268686179032,100.83066349135106,100.98342350135883,948
2025-01-05 21:00:00,100.98342350135883,101.00791753644094,100.80957722389586,100.87627985724461,939
2025-01-05 21:15:00,100.87627985724461,100.87627985724461,100.5822487482969,100.76010705326426,542
2025-01-05 21:30:00,100.76010705326426,100.76010705326426,100.51008729830967,100.70467857636389,800
2025-01-05 21:45:00,100.70467857636389,100.70467857636389,100.2274180564166,100.24105011435825,579
2025-01-05 22:00:00,100.24105011435825,100.24105011435825,99.92147703111316,99.9372814279609,934
2025-01-05 22:15:00,99.9372814279609,100.35206598663744,99.9372814279609,100.21048482464539,225
2025-01-05 22:30:00,100.21048482464539,100.67262020148009,100.21048482464539,100.54017084882709,780
2025-01-05 22:45:00,100.54017084882709,100.55305897265683,100.4400606537633,100.49009459689806,156
2025-01-05 23:00:00,100.49009459689806,100.76671598713203,100.40776737818769,100.60597112441401,469
2025-01-05 23:15:00,100.60597112441401,100.80719441931788,100.50118920563965,100.66859837253497,426
2025-01-05 23:30:00,100.66859837253497,101.29893193772344,100.66859837253497,101.28849160362152,391
2025-01-05 23:45:00,101.28849160362152,101.68377918508459,101.28849160362152,101.51529171165446,648
2025-01-06 00:00:00,101.51529171165446,101.51529171165446,101.30127323301883,101.489320528426,287
2025-01-06 00:15:00,101.489320528426,101.489320528426,101.13980420108692,101.29536622831807,775
2025-01-06 00:30:00,101.29536622831807,101.29536622831807,100.94007830699267,100.96991509164481,634
2025-01-06 00:45:00,100.96991509164481,101.11365178755707,100.96991509164481,101.0110025037203,483
2025-01-06 01:00:00,101.0110025037203,101.0110025037203,100.84354830449824,100.8582030096691,174
2025-01-06 01:15:00,100.8582030096691,100.8582030096691,100.54022146415103,100.57131110292138,287
2025-01-06 01:30:00,100.57131110292138,100.57131110292138,100.2986840450837,100.44125773753765,144
2025-01-06 01:45:00,100.44125773753765,100.44125773753765,100.11470410009058,100.22399365396456,627
2025-01-06 02:00:00,100.22399365396456,100.70171004139539,100.22399365396456,100.56217779901826,261
2025-01-06 02:15:00,100.56217779901826,100.90045498045758,100.56217779901826,100.73949702700433,287
2025-01-06 02:30:00,100.73949702700433,100.77547804469998,100.59296979653176,100.73789070725189,283
2025-01-06 02:45:00,100.73789070725189,101.1021688029537,100.73789070725189,101.0360636090846,394
2025-01-06 03:00:00,101.0360636090846,101.13794573219195,100.98611972028677,101.05169758759021,731
2025-01-06 03:15:00,101.05169758759021,101.05169758759021,100.69546803588584,100.87762912629101,832
2025-01-06 03:30:00,100.87762912629101,101.30574634141794,100.87762912629101,101.18492741785128,332
2025-01-06 03:45:00,101.18492741785128,101.34564861792678,101.18492741785128,101.29398656516125,502
2025-01-06 04:00:00,101.29398656516125,101.29398656516125,100.95076765438084,101.08385296911904,825
2025-01-06 04:15:00,101.08385296911904,101.09106277720173,100.89861225908216,101.04537263521955,643
2025-01-06 04:30:00,101.04537263521955,101.04537263521955,100.74710398001446,100.86841828982062,555
2025-01-06 04:45:00,100.86841828982062,100.86841828982062,100.45840938742732,100.5894566464727,981
2025-01-06 05:00:00,100.5894566464727,100.8317510582614,100.5894566464727,100.77578403900145,152
2025-01-06 05:15:00,100.77578403900145,101.32338207343741,100.77578403900145,101.16062995700244,802
2025-01-06 05:30:00,101.16062995700244,101.16062995700244,100.69347958215903,100.87767000339247,875
2025-01-06 05:45:00,100.87767000339247,101.05281983543922,100.87767000339247,100.99125205315434,389
2025-01-06 06:00:00,100.99125205315434,100.99125205315434,100.7302176753555,100.85983363776494,174
2025-01-06 06:15:00,100.85983363776494,100.85983363776494,100.67510600631805,100.76157086743045,540
2025-01-06 06:30:00,100.76157086743045,100.76157086743045,100.53507524621811,100.64218978267319,253
2025-01-06 06:45:00,100.64218978267319,100.64218978267319,100.34551964168259,100.46828193664801,308
2025-01-06 07:00:00,100.46828193664801,100.49994273394893,100.30855739229314,100.47803170584078,489
2025-01-06 07:15:00,100.47803170584078,100.47803170584078,100.16027547088643,100.31104724155533,256
2025-01-06 07:30:00,100.31104724155533,100.5521754571021,100.19823107102364,100.36530685641054,718
2025-01-06 07:45:00,100.36530685641054,100.4165972542821,100.18510726845854,100.35522252986904,527
2025-01-06 08:00:00,100.35522252986904,100.4259069021217,100.12489519493981,100.30726316103633,918
2025-01-06 08:15:00,100.30726316103633,100.30726316103633,99.9423035095364,100.12519270686873,723
2025-01-06 08:30:00,100.12519270686873,100.19759504488097,99.87141741400839,100.00969402562683,500
2025-01-06 08:45:00,100.00969402562683,100.3013205769914,100.00969402562683,100.16078691635579,927
2025-01-06 09:00:00,100.16078691635579,100.39134669270278,100.11739858833003,100.26113143574055,274
2025-01-06 09:15:00,100.26113143574055,100.26113143574055,99.91963109635115,100.06510984597168,112
2025-01-06 09:30:00,100.06510984597168,100.12972261704454,100.02208575451215,100.08498924207973,622
2025-01-06 09:45:00,100.08498924207973,100.42604120086727,100.08498924207973,100.23539438639833,705
2025-01-06 10:00:00,100.23539438639833,100.23539438639833,99.80040013741895,99.90072739291045,822
2025-01-06 10:15:00,99.90072739291045,100.14167990190109,99.90072739291045,100.00929154982066,200
2025-01-06 10:30:00,100.00929154982066,100.00929154982066,99.79358166164667,99.87675448442815,652
2025-01-06 10:45:00,99.87675448442815,100.09116743958481,99.87675448442815,99.9907335706926,867
2025-01-06 11:00:00,99.9907335706926,99.9907335706926,99.75783136612057,99.83809588475813,991
2025-01-06 11:15:00,99.83809588475813,99.83809588475813,99.4323595303034,99.47770390030448,840
2025-01-06 11:30:00,99.47770390030448,99.47770390030448,98.98232941064987,99.15389553086264,627
2025-01-06 11:45:00,99.15389553086264,99.24395185722769,98.98817614684887,99.16343115041839,921
2025-01-06 12:00:00,99.16343115041839,99.39217087945882,99.16343115041839,99.21494109925374,720
2025-01-06 12:15:00,99.21494109925374,99.21494109925374,99.018669309629,99.0354976578641,827
2025-01-06 12:30:00,99.0354976578641,99.34883768826539,99.0354976578641,99.16198430177526,102
2025-01-06 12:45:00,99.16198430177526,99.16198430177526,98.69994685434743,98.83246504911168,248
2025-01-06 13:00:00,98.83246504911168,98.9590202276502,98.72045410348395,98.81940339033115,164
2025-01-06 13:15:00,98.81940339033115,98.81940339033115,98.51545177028959,98.58005959361805,326
2025-01-06 13:30:00,98.58005959361805,98.58824817441791,98.2851147172473,98.45154350891323,153
2025-01-06 13:45:00,98.45154350891323,98.56889021513132,98.40003384503767,98.46087645361598,152
2025-01-06 14:00:00,98.46087645361598,98.46087645361598,98.23548345762416,98.29144234549945,201
2025-01-06 14:15:00,98.29144234549945,98.29144234549945,98.20217305741649,98.21584530729083,967
2025-01-06 14:30:00,98.21584530729083,98.60379383666604,98.21584530729083,98.41351310505813,486
2025-01-06 14:45:00,98.41351310505813,98.41351310505813,98.18908703503679,98.2999651939351,281
2025-01-06 15:00:00,98.2999651939351,98.52493049235856,98.2999651939351,98.46426220499279,508
2025-01-06 15:15:00,98.46426220499279,98.46426220499279,98.1331745678646,98.24179070108922,329
2025-01-06 15:30:00,98.24179070108922,98.50072723949201,98.24179070108922,98.34588852340784,883
2025-01-06 15:45:00,98.34588852340784,98.78628829869643,98.34588852340784,98.62943321713998,797
2025-01-06 16:00:00,98.62943321713998,98.62943321713998,98.02256189819856,98.14187942481635,781
2025-01-06 16:15:00,98.14187942481635,98.14187942481635,97.82210227656384,97.98546182866316,773
2025-01-06 16:30:00,97.98546182866316,98.14308163267842,97.98546182866316,98.09855118644361,835
2025-01-06 16:45:00,98.09855118644361,98.1244429061001,97.90181731400725,98.0587142700518,618
2025-01-06 17:00:00,98.0587142700518,98.20764060705262,98.05087197831844,98.13150244435064,627
2025-01-06 17:15:00,98.13150244435064,98.13150244435064,97.87699110093058,98.01296249669753,746
2025-01-06 17:30:00,98.01296249669753,98.20699481170269,97.89157612241132,98.02993633988187,259
2025-01-06 17:45:00,98.02993633988187,98.18014079582,97.84060658240503,97.99941428093177,828
2025-01-06 18:00:00,97.99941428093177,98.29361560411182,97.99941428093177,98.22829819703264,158
2025-01-06 18:15:00,98.22829819703264,98.34583483843763,98.22829819703264,98.27828084995932,588
2025-01-06 18:30:00,98.27828084995932,98.53274077168876,98.22001342535171,98.34463886843754,304
2025-01-06 18:45:00,98.34463886843754,98.41564152270783,98.16360321805885,98.26362708545446,317
2025-01-06 19:00:00,98.26362708545446,98.28841883747681,97.9696594833392,98.16779917312084,730
2025-01-06 19:15:00,98.16779917312084,98.2420586156939,97.8845203011985,98.08287260249571,533
2025-01-06 19:30:00,98.08287260249571,98.2927229241541,98.04360482779286,98.16025060095306,377
2025-01-06 19:45:00,98.16025060095306,98.16025060095306,98.02478027575891,98.0776027166802,591
2025-01-06 20:00:00,98.0776027166802,98.26219313183643,97.95418929202317,98.13444356326414,124
2025-01-06 20:15:00,98.13444356326414,98.70023132094778,98.13444356326414,98.54178016835579,366
2025-01-06 20:30:00,98.54178016835579,98.90997865793733,98.54178016835579,98.71346452640536,167
2025-01-06 20:45:00,98.71346452640536,98.73285018581464,98.51101394549866,98.64909870165052,590
2025-01-06 21:00:00,98.64909870165052,99.04996947878774,98.64909870165052,98.88609604318923,201
2025-01-06 21:15:00,98.88609604318923,98.88609604318923,98.70609231118027,98.80539008213027,658
2025-01-06 21:30:00,98.80539008213027,98.80539008213027,98.26153475257316,98.40263470266186,893
2025-01-06 21:45:00,98.40263470266186,98.40263470266186,98.19274810241126,98.20423800465792,919
2025-01-06 22:00:00,98.20423800465792,98.20423800465792,97.81833148806345,97.8367986145187,772
2025-01-06 22:15:00,97.8367986145187,97.96002418962263,97.65738135907216,97.76801670662184,114
2025-01-06 22:30:00,97.76801670662184,97.84892903875026,97.58129463613064,97.77161816343046,657
2025-01-06 22:45:00,97.77161816343046,98.12391959238686,97.77161816343046,98.09943414097188,697
2025-01-06 23:00:00,98.09943414097188,98.31813924717255,98.04967358992951,98.16357692171479,401
2025-01-06 23:15:00,98.16357692171479,98.21279657890796,98.10222054938599,98.12056153848816,617
2025-01-06 23:30:00,98.12056153848816,98.37797793258687,98.12056153848816,98.28332502122592,334
2025-01-06 23:45:00,98.28332502122592,98.28332502122592,97.81265973876346,97.84868956074365,430
2025-01-07 00:00:00,97.84868956074365,98.05549585830775,97.72257957712449,97.89479871224837,767
2025-01-07 00:15:00,97.89479871224837,98.18095771347726,97.89479871224837,98.04572609822804,679
2025-01-07 00:30:00,98.04572609822804,98.04572609822804,97.55677230824183,97.75578797409537,931
2025-01-07 00:45:00,97.75578797409537,98.17047893360385,97.75578797409537,97.97940512957986,431
2025-01-07 01:00:00,97.97940512957986,98.10504942167293,97.952707264593,98.04573648286947,118
2025-01-07 01:15:00,98.04573648286947,98.04573648286947,97.91365022677702,97.96430206412779,253
2025-01-07 01:30:00,97.96430206412779,98.10097824125687,97.92069772274957,98.08828213187168,896
2025-01-07 01:45:00,98.08828213187168,98.71623962603208,98.08828213187168,98.53373885521395,718
2025-01-07 02:00:00,98.53373885521395,98.65466790537785,98.37852838813937,98.56957877937896,346
2025-01-07 02:15:00,98.56957877937896,98.70314359405474,98.4462106144462,98.61851277665096,577
2025-01-07 02:30:00,98.61851277665096,98.67439272249084,98.47091513916453,98.52790979917016,932
2025-01-07 02:45:00,98.52790979917016,98.52790979917016,98.2019867406975,98.36044302041424,695
2025-01-07 03:00:00,98.36044302041424,98.64115362732228,98.36044302041424,98.52378741795626,185
2025-01-07 03:15:00,98.52378741795626,98.52378741795626,98.18637068834465,98.35509817620466,647
2025-01-07 03:30:00,98.35509817620466,98.4470115601346,98.18319911177826,98.3691759847803,354
2025-01-07 03:45:00,98.3691759847803,98.40573154678337,98.22300803046602,98.27520244589775,863
2025-01-07 04:00:00,98.27520244589775,98.41314486815251,98.26155623733013,98.3693461245832,702
2025-01-07 04:15:00,98.3693461245832,98.49321637568023,98.3693461245832,98.43499037083046,448
2025-01-07 04:30:00,98.43499037083046,98.7406199675298,98.43499037083046,98.63925083967523,109
2025-01-07 04:45:00,98.63925083967523,98.71989835703923,98.49941223399536,98.53863556867726,346
2025-01-07 05:00:00,98.53863556867726,98.67016024756595,98.28673089995092,98.48544935288129,771
2025-01-07 05:15:00,98.48544935288129,98.48544935288129,98.19116700951064,98.29266138416305,934
2025-01-07 05:30:00,98.29266138416305,98.29266138416305,98.05200950529125,98.20531985022718,774
2025-01-07 05:45:00,98.20531985022718,98.30038923782445,98.18499626506953,98.27942568142542,957
2025-01-07 06:00:00,98.27942568142542,98.50607151467509,98.26858416809482,98.42821849440799,215
2025-01-07 06:15:00,98.42821849440799,98.42821849440799,98.12765447609588,98.24668431437574,181
2025-01-07 06:30:00,98.24668431437574,98.55231601500131,98.24668431437574,98.41755611099681,157
2025-01-07 06:45:00,98.41755611099681,98.86109080738606,98.41755611099681,98.68439324106707,954
2025-01-07 07:00:00,98.68439324106707,98.87212438867532,98.68439324106707,98.76599238620568,204
2025-01-07 07:15:00,98.76599238620568,99.1901715258589,98.76599238620568,99.13671958807284,377
2025-01-07 07:30:00,99.13671958807284,99.15798410972535,98.91962678101356,98.9832977423692,832
2025-01-07 07:45:00,98.9832977423692,98.9832977423692,98.5902573077811,98.73689768820057,923
2025-01-07 08:00:00,98.73689768820057,98.73689768820057,98.27747435654359,98.38564704973659,381
2025-01-07 08:15:00,98.38564704973659,98.84956095952313,98.38564704973659,98.68002562493847,298
2025-01-07 08:30:00,98.68002562493847,98.98904918189399,98.61934452691409,98.80917126441267,651
2025-01-07 08:45:00,98.80917126441267,98.8843656487472,98.64319612479308,98.79818671387733,890
2025-01-07 09:00:00,98.79818671387733,98.95401128843889,98.74897492720393,98.85350749911169,727
2025-01-07 09:15:00,98.85350749911169,98.85350749911169,98.57248169462139,98.63099041915713,467
2025-01-07 09:30:00,98.63099041915713,99.18644159211833,98.63099041915713,99.11344429929557,593
2025-01-07 09:45:00,99.11344429929557,99.1625794863225,99.11344429929557,99.13905941213955,370
2025-01-07 10:00:00,99.13905941213955,99.33785435466133,99.06334955106263,99.16075000622298,466
2025-01-07 10:15:00,99.16075000622298,99.46875206212503,99.13587820543054,99.30468513173354,288
2025-01-07 10:30:00,99.30468513173354,99.54830042493163,99.24317589020325,99.40021807233967,635
2025-01-07 10:45:00,99.40021807233967,99.5791099445167,99.40021807233967,99.44472631401217,532
2025-01-07 11:00:00,99.44472631401217,99.44472631401217,99.22383952124191,99.28750928225222,378
2025-01-07 11:15:00,99.28750928225222,99.56802301449127,99.28750928225222,99.38113112002307,280
2025-01-07 11:30:00,99.38113112002307,99.91066044913164,99.38113112002307,99.75520656653363,860
2025-01-07 11:45:00,99.75520656653363,100.04528475735174,99.75520656653363,100.02363187577951,924
2025-01-07 12:00:00,100.02363187577951,100.53722935204904,100.02363187577951,100.3423445010843,184
2025-01-07 12:15:00,100.3423445010843,100.3423445010843,100.18597217624438,100.23975134204667,790
2025-01-07 12:30:00,100.23975134204667,100.23975134204667,99.9950433050232,100.04135585982745,943
2025-01-07 12:45:00,100.04135585982745,100.06880383357921,99.8802091053124,100.01618807175505,850
2025-01-07 13:00:00,100.01618807175505,100.1163642002411,99.87311175991145,100.02733485837054,925
2025-01-07 13:15:00,100.02733485837054,100.31378985327677,100.02733485837054,100.2462329812051,636
2025-01-07 13:30:00,100.2462329812051,100.2462329812051,99.84533324428891,99.90690657403941,284
2025-01-07 13:45:00,99.90690657403941,100.29301064732266,99.90690657403941,100.21253185577268,985
2025-01-07 14:00:00,100.21253185577268,100.26795583466992,100.12897031004213,100.18086311263306,121
2025-01-07 14:15:00,100.18086311263306,100.18086311263306,99.97311129610652,100.0953324845655,852
2025-01-07 14:30:00,100.0953324845655,100.0953324845655,99.80396939071153,99.892718636664,301
2025-01-07 14:45:00,99.892718636664,99.892718636664,99.50098863995893,99.56210237285062,353
2025-01-07 15:00:00,99.56210237285062,99.84693238904975,99.53509342146953,99.72601556075207,109
2025-01-07 15:15:00,99.72601556075207,99.8421937992877,99.6619140298022,99.74063897822552,659
2025-01-07 15:30:00,99.74063897822552,99.74063897822552,99.33757533825778,99.48331592943131,968
2025-01-07 15:45:00,99.48331592943131,99.48331592943131,99.11800611996262,99.2256384681619,828
2025-01-07 16:00:00,99.2256384681619,99.2256384681619,98.96424176599449,99.1590015658121,994
2025-01-07 16:15:00,99.1590015658121,99.6572247826671,99.1590015658121,99.48999858189119,195
2025-01-07 16:30:00,99.48999858189119,99.48999858189119,99.27567665493046,99.43834509553311,506
2025-01-07 16:45:00,99.43834509553311,99.43834509553311,98.9678153933284,99.13940500013295,412
2025-01-07 17:00:00,99.13940500013295,99.1527529597952,98.9273358860855,99.09067935782018,576
2025-01-07 17:15:00,99.09067935782018,99.09067935782018,98.98608589409842,99.0366306302138,439
2025-01-07 17:30:00,99.0366306302138,99.0366306302138,98.32970742508456,98.50244949759667,674
2025-01-07 17:45:00,98.50244949759667,98.64704977978288,98.354252638969,98.49175314290238,208
2025-01-07 18:00:00,98.49175314290238,98.63621007617003,98.34197368637176,98.44626284941941,573
2025-01-07 18:15:00,98.44626284941941,98.62431739301213,98.42396160506553,98.58334067899513,227
2025-01-07 18:30:00,98.58334067899513,99.13014193623987,98.58334067899513,98.94789321621215,142
2025-01-07 18:45:00,98.94789321621215,99.3402451809682,98.94789321621215,99.17083568870177,925
2025-01-07 19:00:00,99.17083568870177,99.24452712038122,98.94728101912473,99.11750385640265,858
2025-01-07 19:15:00,99.11750385640265,99.11750385640265,98.75422619244057,98.89815168434882,950
2025-01-07 19:30:00,98.89815168434882,99.5513294454323,98.89815168434882,99.40715274066926,267
2025-01-07 19:45:00,99.40715274066926,99.43874326961455,99.31301504882168,99.41892621249954,382
2025-01-07 20:00:00,99.41892621249954,99.52332611162721,99.3891823348233,99.4216958829893,339
2025-01-07 20:15:00,99.4216958829893,99.57889943037681,99.30188442445518,99.4168987688417,815
2025-01-07 20:30:00,99.4168987688417,99.50936291670222,99.27920992022598,99.45628471405952,188
2025-01-07 20:45:00,99.45628471405952,99.46745152315415,99.35870992035028,99.42756961360001,250
2025-01-07 21:00:00,99.42756961360001,99.42756961360001,99.14837592620914,99.3134939753525,412
2025-01-07 21:15:00,99.3134939753525,99.36624249648636,99.14728413024943,99.20487303102,474
2025-01-07 21:30:00,99.20487303102,99.31700619979105,99.03013669140397,99.19837446299374,694
2025-01-07 21:45:00,99.19837446299374,99.21987949780973,99.03353384121827,99.09056075511495,939
2025-01-07 22:00:00,99.09056075511495,99.09056075511495,98.83500503207546,98.94928817844016,225
2025-01-07 22:15:00,98.94928817844016,99.05458017006904,98.9239793096868,98.97035056898171,239
2025-01-07 22:30:00,98.97035056898171,99.04792576511065,98.84641070631416,98.91988019979122,668
2025-01-07 22:45:00,98.91988019979122,99.3942468667222,98.91988019979122,99.21742981229508,987
2025-01-07 23:00:00,99.21742981229508,99.21742981229508,98.62709090882497,98.69138499049758,979
2025-01-07 23:15:00,98.69138499049758,98.98018752916651,98.69138499049758,98.90682963638328,990
2025-01-07 23:30:00,98.90682963638328,99.1740735827447,98.90682963638328,99.15332230807682,551
2025-01-07 23:45:00,99.15332230807682,99.15332230807682,98.58303150174588,98.74215524810806,490
2025-01-08 00:00:00,98.74215524810806,98.80461343406665,98.62667131847321,98.6744798248755,502
2025-01-08 00:15:00,98.6744798248755,98.76037743058788,98.47696684423121,98.60117635639983,503
2025-01-08 00:30:00,98.60117635639983,98.60117635639983,98.2611111081222,98.3236117387307,813
2025-01-08 00:45:00,98.3236117387307,98.35445515858325,98.15847492138913,98.17065624674152,673
2025-01-08 01:00:00,98.17065624674152,98.17065624674152,97.90852503803688,97.9526043276192,617
2025-01-08 01:15:00,97.9526043276192,98.40996232639135,97.9526043276192,98.29588323445851,780
2025-01-08 01:30:00,98.29588323445851,98.63002804973274,98.29588323445851,98.47982990261417,524
2025-01-08 01:45:00,98.47982990261417,98.77911867059824,98.47982990261417,98.73027496154782,682
2025-01-08 02:00:00,98.73027496154782,98.93298921417808,98.73027496154782,98.87277672417794,444
2025-01-08 02:15:00,98.87277672417794,98.87277672417794,98.51967866728656,98.64951175680673,891
2025-01-08 02:30:00,98.64951175680673,98.6808080725168,98.35200232743365,98.54602442045663,538
2025-01-08 02:45:00,98.54602442045663,98.66710235412201,98.54602442045663,98.64247625537966,329
2025-01-08 03:00:00,98.64247625537966,98.64247625537966,98.30959762619908,98.40136882864033,247
2025-01-08 03:15:00,98.40136882864033,98.66550734320218,98.40136882864033,98.5416888716436,466
2025-01-08 03:30:00,98.5416888716436,98.60946674348115,98.36241466773988,98.49432473041708,934
2025-01-08 03:45:00,98.49432473041708,98.501408650496,98.30339389125261,98.42048928574808,172
2025-01-08 04:00:00,98.42048928574808,98.70469501689136,98.42048928574808,98.56043534161441,844
2025-01-08 04:15:00,98.56043534161441,98.75790259410338,98.56043534161441,98.64800891238716,357
2025-01-08 04:30:00,98.64800891238716,98.7513498956878,98.38691231680613,98.57679172530158,253
2025-01-08 04:45:00,98.57679172530158,98.90068385198798,98.57679172530158,98.8053577504359,414
2025-01-08 05:00:00,98.8053577504359,98.8053577504359,98.41395922604949,98.59172805276714,990
2025-01-08 05:15:00,98.59172805276714,98.86991755736427,98.58439145827208,98.71318036448287,513
2025-01-08 05:30:00,98.71318036448287,98.96949544562227,98.71318036448287,98.83027418738735,980
2025-01-08 05:45:00,98.83027418738735,98.85235563588957,98.58119831195658,98.7690890684451,236
2025-01-08 06:00:00,98.7690890684451,98.92906109825623,98.64157239862315,98.83351279148908,519
2025-01-08 06:15:00,98.83351279148908,98.83351279148908,98.45893157821726,98.58620889217852,899
2025-01-08 06:30:00,98.58620889217852,98.8191884278084,98.58620889217852,98.76840153365362,941
2025-01-08 06:45:00,98.76840153365362,98.76840153365362,98.63949582614015,98.73187655674035,518
2025-01-08 07:00:00,98.73187655674035,98.80776854210825,98.60264045749369,98.62865770726985,508
2025-01-08 07:15:00,98.62865770726985,98.92804643581819,98.62865770726985,98.83558245100352,704
2025-01-08 07:30:00,98.83558245100352,98.83558245100352,98.6030608669967,98.69635401320254,347
2025-01-08 07:45:00,98.69635401320254,98.69635401320254,98.3044275902465,98.41833402376295,140
2025-01-08 08:00:00,98.41833402376295,98.41833402376295,97.9662623064191,98.11193232386094,779
2025-01-08 08:15:00,98.11193232386094,98.36510481607353,98.0653557208975,98.23084593852896,210
2025-01-08 08:30:00,98.23084593852896,98.23084593852896,97.96667896634634,97.9792906216085,674
2025-01-08 08:45:00,97.9792906216085,98.40079209605679,97.9792906216085,98.323157599884,398
2025-01-08 09:00:00,98.323157599884,98.323157599884,97.89187385712648,97.91375385331763,160
2025-01-08 09:15:00,97.91375385331763,98.33667326663368,97.91375385331763,98.24596667585293,260
2025-01-08 09:30:00,98.24596667585293,98.42527552298819,98.24596667585293,98.28742990595455,403
2025-01-08 09:45:00,98.28742990595455,98.34169516518969,98.09027532099235,98.26841853954666,738
2025-01-08 10:00:00,98.26841853954666,98.32768878871913,97.97410686921597,98.1613218657612,688
2025-01-08 10:15:00,98.1613218657612,98.39916752857737,98.15416617312869,98.23968132293952,969
2025-01-08 10:30:00,98.23968132293952,98.38343436439062,98.08208257585646,98.23228688059372,849
2025-01-08 10:45:00,98.23228688059372,98.51443080534952,98.23228688059372,98.44904661457402,820
2025-01-08 11:00:00,98.44904661457402,98.65648347639767,98.35049252793573,98.47153782078964,956
2025-01-08 11:15:00,98.47153782078964,98.57452400188181,98.3267519759607,98.50113871196629,964
2025-01-08 11:30:00,98.50113871196629,98.6096220350001,98.2928782990309,98.429506278061,667
2025-01-08 11:45:00,98.429506278061,98.57789695435685,98.33014152017104,98.41829601880588,669
2025-01-08 12:00:00,98.41829601880588,98.53607555567895,98.33484511226388,98.47888267001774,779
2025-01-08 12:15:00,98.47888267001774,98.47888267001774,98.00868048337533,98.14205172504494,648
2025-01-08 12:30:00,98.14205172504494,98.14205172504494,97.78774033196571,97.87742435818244,162
2025-01-08 12:45:00,97.87742435818244,98.08847469944247,97.87742435818244,98.02292190846416,284
2025-01-08 13:00:00,98.02292190846416,98.1046281256752,97.93427516222243,98.0564193674611,234
2025-01-08 13:15:00,98.0564193674611,98.0564193674611,97.91702968450626,98.02033787308906,935
2025-01-08 13:30:00,98.02033787308906,98.07385725019196,97.96055443832148,98.02395167378387,102
2025-01-08 13:45:00,98.02395167378387,98.17993183850342,97.95761133260237,98.09209433836199,484
2025-01-08 14:00:00,98.09209433836199,98.17176712878098,97.95494470625576,97.9862020234001,744
2025-01-08 14:15:00,97.9862020234001,97.99311502793628,97.6445948268532,97.83367577528202,341
2025-01-08 14:30:00,97.83367577528202,98.04951751391098,97.7073124173984,97.87199629766071,695
2025-01-08 14:45:00,97.87199629766071,97.87199629766071,97.51737524272637,97.68048570392376,228
2025-01-08 15:00:00,97.68048570392376,97.82910566517134,97.68048570392376,97.76024235886007,411
2025-01-08 15:15:00,97.76024235886007,97.76024235886007,97.36892475999322,97.42735238728704,160
2025-01-08 15:30:00,97.42735238728704,97.70510814532514,97.42735238728704,97.62788820516522,252
2025-01-08 15:45:00,97.62788820516522,97.88750779103455,97.62788820516522,97.72016559352335,666
2025-01-08 16:00:00,97.72016559352335,97.96123898282184,97.69812304660566,97.77020412959136,276
2025-01-08 16:15:00,97.77020412959136,98.06843041493487,97.77020412959136,97.9623599257847,196
2025-01-08 16:30:00,97.9623599257847,98.35920324266105,97.9623599257847,98.28866753973597,105
2025-01-08 16:45:00,98.28866753973597,98.60321022995409,98.28866753973597,98.48806970390163,761
2025-01-08 17:00:00,98.48806970390163,98.48806970390163,97.9645091342854,98.1254614046786,186
2025-01-08 17:15:00,98.1254614046786,98.1254614046786,97.70117803107473,97.87434324415113,513
2025-01-08 17:30:00,97.87434324415113,97.87434324415113,97.62603194482078,97.7520358282737,384
2025-01-08 17:45:00,97.7520358282737,97.8543826892329,97.66902894913643,97.75713673482372,771
2025-01-08 18:00:00,97.75713673482372,98.00019688431266,97.75713673482372,97.85834646211573,144
2025-01-08 18:15:00,97.85834646211573,97.85834646211573,97.70592777740349,97.71630628309511,549
2025-01-08 18:30:00,97.71630628309511,97.86386552482884,97.59281448292032,97.7528065998174,705
2025-01-08 18:45:00,97.7528065998174,97.7528065998174,97.5792496723001,97.60512499642712,820
2025-01-08 19:00:00,97.60512499642712,97.60512499642712,97.33659181891558,97.48575045322998,598
2025-01-08 19:15:00,97.48575045322998,97.48575045322998,97.13418007573948,97.21149162791075,214
2025-01-08 19:30:00,97.21149162791075,97.21149162791075,96.92334119751267,97.03199386596091,639
2025-01-08 19:45:00,97.03199386596091,97.03199386596091,96.72796365778383,96.76968056123916,658
2025-01-08 20:00:00,96.76968056123916,96.76968056123916,96.52631203484542,96.58081067532142,481
2025-01-08 20:15:00,96.58081067532142,96.97670776559254,96.58081067532142,96.78433383307699,608
2025-01-08 20:30:00,96.78433383307699,96.78433383307699,96.44732559105303,96.60055995508205,580
2025-01-08 20:45:00,96.60055995508205,97.2219110687693,96.60055995508205,97.10913911804006,274
2025-01-08 21:00:00,97.10913911804006,97.35813345121389,97.10913911804006,97.2049504713722,453
2025-01-08 21:15:00,97.2049504713722,97.32915648192684,97.06548432027918,97.24088444387037,192
2025-01-08 21:30:00,97.24088444387037,97.24088444387037,97.04202452242818,97.07394950444217,532
2025-01-08 21:45:00,97.07394950444217,97.31409690872864,97.022619021647,97.20991319618459,394
2025-01-08 22:00:00,97.20991319618459,97.20991319618459,96.95650379700793,97.09799778994255,170
2025-01-08 22:15:00,97.09799778994255,97.15340590366775,96.96637942260087,97.12169160736813,550
2025-01-08 22:30:00,97.12169160736813,97.66779120224301,97.12169160736813,97.6189710893972,920
2025-01-08 22:45:00,97.6189710893972,97.75774951975276,97.47406259782791,97.60021655224907,270
2025-01-08 23:00:00,97.60021655224907,97.84767392549524,97.60021655224907,97.82455520329547,306
2025-01-08 23:15:00,97.82455520329547,97.86524711646665,97.63481827371169,97.68697936126071,893
2025-01-08 23:30:00,97.68697936126071,97.7382652742319,97.66824755379749,97.6801435213626,767
2025-01-08 23:45:00,97.6801435213626,98.16856997145602,97.6801435213626,98.02608764183579,192
2025-01-09 00:00:00,98.02608764183579,98.06923317527642,97.73293741444559,97.90316938632529,598
2025-01-09 00:15:00,97.90316938632529,98.29226172172051,97.90316938632529,98.25805830268044,298
2025-01-09 00:30:00,98.25805830268044,98.49288884603163,98.25805830268044,98.39714296455607,528
2025-01-09 00:45:00,98.39714296455607,98.39714296455607,98.27391285721582,98.2864527170351,641
2025-01-09 01:00:00,98.2864527170351,98.5438440479808,98.2864527170351,98.41076694372023,483
2025-01-09 01:15:00,98.41076694372023,98.65084642335937,98.41076694372023,98.60218660228483,633
2025-01-09 01:30:00,98.60218660228483,98.82586966321999,98.60218660228483,98.72481024613623,971
2025-01-09 01:45:00,98.72481024613623,98.72481024613623,98.39212267280259,98.41476997110628,924
2025-01-09 02:00:00,98.41476997110628,98.46817229039281,98.17605696673438,98.27164789531379,432
2025-01-09 02:15:00,98.27164789531379,98.38572453049966,98.13064004268934,98.2229997669129,320
2025-01-09 02:30:00,98.2229997669129,98.32459888167446,98.13735680853378,98.20837761753461,950
2025-01-09 02:45:00,98.20837761753461,98.35358868430573,98.18173341584686,98.33028801700046,139
2025-01-09 03:00:00,98.33028801700046,98.38829039697337,98.28501570031473,98.36523479820582,606
2025-01-09 03:15:00,98.36523479820582,98.36523479820582,98.0839212124413,98.10253187544387,578
2025-01-09 03:30:00,98.10253187544387,98.32179409353198,98.10253187544387,98.17712861903844,334
2025-01-09 03:45:00,98.17712861903844,98.46497959371598,98.12697788363131,98.2970197295338,447
2025-01-09 04:00:00,98.2970197295338,98.53714904421847,98.2970197295338,98.40707119494319,603
2025-01-09 04:15:00,98.40707119494319,98.73398376752351,98.40707119494319,98.61978412655473,235
2025-01-09 04:30:00,98.61978412655473,98.87522005802361,98.61978412655473,98.78426657227466,467
2025-01-09 04:45:00,98.78426657227466,99.02781803553223,98.71241571330503,98.87498610697702,413
2025-01-09 05:00:00,98.87498610697702,99.01522619685981,98.84833147029894,98.8611108394857,310
2025-01-09 05:15:00,98.8611108394857,98.8611108394857,98.38167384802111,98.53270195358894,682
2025-01-09 05:30:00,98.53270195358894,98.75323679138708,98.53270195358894,98.61736484146817,541
2025-01-09 05:45:00,98.61736484146817,98.8408914791573,98.5041721552831,98.65832806630425,998
2025-01-09 06:00:00,98.65832806630425,98.80421608548593,98.55479758457658,98.71191509433605,589
2025-01-09 06:15:00,98.71191509433605,98.71191509433605,98.32970014868727,98.45985450030966,943
2025-01-09 06:30:00,98.45985450030966,98.45985450030966,98.1008577096872,98.24697316095924,153
2025-01-09 06:45:00,98.24697316095924,98.53729159982605,98.24697316095924,98.45391132119082,924
2025-01-09 07:00:00,98.45391132119082,98.50200772128925,98.3952892009337,98.44612260197061,705
2025-01-09 07:15:00,98.44612260197061,98.7553463359508,98.43267936718175,98.58030480438435,494
2025-01-09 07:30:00,98.58030480438435,98.63159294504028,98.561263455503,98.58588807268536,613
2025-01-09 07:45:00,98.58588807268536,98.62714875402897,98.49742189776093,98.59175514356097,890
2025-01-09 08:00:00,98.59175514356097,98.91207628411064,98.59175514356097,98.7767692380689,483
2025-01-09 08:15:00,98.7767692380689,98.78919787852912,98.56350501013456,98.6748227759976,294
2025-01-09 08:30:00,98.6748227759976,98.88221518835263,98.56288106376574,98.69379217725708,228
2025-01-09 08:45:00,98.69379217725708,98.71300241434152,98.43562041032277,98.60254477471281,477
2025-01-09 09:00:00,98.60254477471281,98.60254477471281,98.38246518295543,98.51685990727313,889
2025-01-09 09:15:00,98.51685990727313,98.51685990727313,98.29835238187577,98.45594257372315,306
2025-01-09 09:30:00,98.45594257372315,98.65750814964794,98.3451216005736,98.49968335345045,937
2025-01-09 09:45:00,98.49968335345045,98.56484476290534,98.24837429084077,98.40537017817095,439
2025-01-09 10:00:00,98.40537017817095,98.732502441573,98.40537017817095,98.65251647095208,868
2025-01-09 10:15:00,98.65251647095208,98.65251647095208,98.4158451212253,98.4760059477176,992
2025-01-09 10:30:00,98.4760059477176,98.61624649822804,98.38295583162228,98.4392012014338,616
2025-01-09 10:45:00,98.4392012014338,98.48233523010506,98.17958477828616,98.35262765319386,787
2025-01-09 11:00:00,98.35262765319386,98.70863100305164,98.35262765319386,98.63725580735836,798
2025-01-09 11:15:00,98.63725580735836,98.783729252502,98.5261475672198,98.67603105490022,554
2025-01-09 11:30:00,98.67603105490022,99.07893766050586,98.67603105490022,98.87966770254108,357
2025-01-09 11:45:00,98.87966770254108,98.87966770254108,98.42146868268547,98.58588427046516,992
2025-01-09 12:00:00,98.58588427046516,98.66131766732974,98.58588427046516,98.63853904367593,375
2025-01-09 12:15:00,98.63853904367593,98.99563061590959,98.6266643017561,98.81404280761305,190
2025-01-09 12:30:00,98.81404280761305,98.99357079496544,98.65728001339896,98.83030443489034,464
2025-01-09 12:45:00,98.83030443489034,99.13941482767696,98.83030443489034,99.04090793456456,499
2025-01-09 13:00:00,99.04090793456456,99.04090793456456,98.90372717177306,98.93844249904056,558
2025-01-09 13:15:00,98.93844249904056,99.29580087754138,98.93844249904056,99.2173197803845,607
2025-01-09 13:30:00,99.2173197803845,99.80782578197544,99.2173197803845,99.67350080093182,265
2025-01-09 13:45:00,99.67350080093182,99.67350080093182,99.4170153945306,99.60117002184265,532
2025-01-09 14:00:00,99.60117002184265,99.66726237573943,99.49502665391358,99.51242487708424,306
2025-01-09 14:15:00,99.51242487708424,99.90889529067769,99.51242487708424,99.80168450427763,614
2025-01-09 14:30:00,99.80168450427763,100.24564909529931,99.80168450427763,100.11697242615756,237
2025-01-09 14:45:00,100.11697242615756,100.11697242615756,99.98910571754138,100.01227810031506,640
2025-01-09 15:00:00,100.01227810031506,100.08200915044713,99.8341945956684,99.9282304187041,173
2025-01-09 15:15:00,99.9282304187041,99.9282304187041,99.75193431213202,99.87191394405879,147
2025-01-09 15:30:00,99.87191394405879,99.87191394405879,99.41701365393702,99.60336825257868,721
2025-01-09 15:45:00,99.60336825257868,99.60336825257868,99.29284645517899,99.42036659633544,290
2025-01-09 16:00:00,99.42036659633544,99.42036659633544,99.02153259924101,99.2207025100458,879
2025-01-09 16:15:00,99.2207025100458,99.2207025100458,98.8947410755499,99.06833968245553,269
2025-01-09 16:30:00,99.06833968245553,99.20733636468849,98.93876727242709,99.06146733404458,814
2025-01-09 16:45:00,99.06146733404458,99.29821877590157,98.93963258284208,99.1078706441972,254
2025-01-09 17:00:00,99.1078706441972,99.55393525538625,99.1078706441972,99.41520424874835,570
2025-01-09 17:15:00,99.41520424874835,99.41520424874835,99.08668883913738,99.21670110700313,442
2025-01-09 17:30:00,99.21670110700313,99.55329150495295,99.21670110700313,99.41202354940829,281
2025-01-09 17:45:00,99.41202354940829,99.43178218192122,99.32979817331491,99.36947742136537,163
2025-01-09 18:00:00,99.36947742136537,99.52359618687932,99.27101983699546,99.35964705540641,715
2025-01-09 18:15:00,99.35964705540641,99.63772314620039,99.35964705540641,99.49374670854198,820
2025-01-09 18:30:00,99.49374670854198,99.49374670854198,99.22809066623752,99.27033906766714,503
2025-01-09 18:45:00,99.27033906766714,99.48648807325482,99.27033906766714,99.34626295800008,158
2025-01-09 19:00:00,99.34626295800008,99.52226728592245,99.2100863224464,99.37933576769424,217
2025-01-09 19:15:00,99.37933576769424,99.6174978298818,99.29427425009953,99.47721472672441,255
2025-01-09 19:30:00,99.47721472672441,99.63756027949431,99.4483875413097,99.53474610928893,933
2025-01-09 19:45:00,99.53474610928893,100.14231683563278,99.53474610928893,100.0235214613852,903
2025-01-09 20:00:00,100.0235214613852,100.0235214613852,99.74523616596281,99.89594346338211,975
2025-01-09 20:15:00,99.89594346338211,99.89594346338211,99.76997660291417,99.78985457978993,107
2025-01-09 20:30:00,99.78985457978993,99.78985457978993,99.61163739051449,99.66548837476053,820
2025-01-09 20:45:00,99.66548837476053,99.68006549958892,99.37737970696476,99.5547645780363,243
2025-01-09 21:00:00,99.5547645780363,99.56908388374629,99.30446720743545,99.42785472722817,144
2025-01-09 21:15:00,99.42785472722817,99.85977297832237,99.42785472722817,99.66429745307464,254
2025-01-09 21:30:00,99.66429745307464,100.09755552518111,99.66429745307464,99.94744456888468,610
2025-01-09 21:45:00,99.94744456888468,99.94744456888468,99.78525023597923,99.83335530176983,904
2025-01-09 22:00:00,99.83335530176983,99.84766111693587,99.53886180105184,99.66716160243558,730
2025-01-09 22:15:00,99.66716160243558,99.88873930060885,99.57238397637511,99.76113090331611,984
2025-01-09 22:30:00,99.76113090331611,99.76113090331611,99.57724709298455,99.65095011249943,842
2025-01-09 22:45:00,99.65095011249943,99.86981941926436,99.65095011249943,99.77709462649096,884
2025-01-09 23:00:00,99.77709462649096,99.98957277543447,99.62937537142528,99.81758876539773,593
2025-01-09 23:15:00,99.81758876539773,99.81758876539773,99.49149629099063,99.51499291990899,463
2025-01-09 23:30:00,99.51499291990899,99.86493530261264,99.51499291990899,99.82299285821676,149
2025-01-09 23:45:00,99.82299285821676,100.24255943830426,99.82299285821676,100.18153262648806,663
2025-01-10 00:00:00,100.18153262648806,100.18153262648806,99.94807496650343,100.05875240611024,904
2025-01-10 00:15:00,100.05875240611024,100.13543211363856,99.78729185892283,99.98116653732404,395
2025-01-10 00:30:00,99.98116653732404,100.0499830157406,99.98116653732404,100.03832884779871,209
2025-01-10 00:45:00,100.03832884779871,100.2350562233837,100.03832884779871,100.10524584448291,667
2025-01-10 01:00:00,100.10524584448291,100.2717323229763,100.10524584448291,100.2370933171137,148
2025-01-10 01:15:00,100.2370933171137,100.71728980744165,100.2370933171137,100.64008743699131,135
2025-01-10 01:30:00,100.64008743699131,100.65446778663424,100.44075697644242,100.60447146809783,322
2025-01-10 01:45:00,100.60447146809783,100.60447146809783,100.41931573183051,100.44384692337538,955
2025-01-10 02:00:00,100.44384692337538,100.44384692337538,100.14103866581361,100.16675866458107,741
2025-01-10 02:15:00,100.16675866458107,100.18789858324186,99.8760605273592,100.02032887875797,401
2025-01-10 02:30:00,100.02032887875797,100.17642506650664,99.97764392456575,100.01370213731478,585
2025-01-10 02:45:00,100.01370213731478,100.53096853368343,100.01370213731478,100.37266288857487,454
2025-01-10 03:00:00,100.37266288857487,100.37266288857487,100.22564859341131,100.26875483972393,442
2025-01-10 03:15:00,100.26875483972393,100.33926445985449,100.21631174737126,100.31363271824185,589
2025-01-10 03:30:00,100.31363271824185,100.47659026763745,100.28951187938273,100.31033783751224,283
2025-01-10 03:45:00,100.31033783751224,100.62787793081583,100.31033783751224,100.54875409899905,188
2025-01-10 04:00:00,100.54875409899905,101.17602855249412,100.54875409899905,101.05691391322698,498
2025-01-10 04:15:00,101.05691391322698,101.05691391322698,100.93107531955613,100.94961799345852,602
2025-01-10 04:30:00,100.94961799345852,101.02042107885568,100.65280482906887,100.85080054395223,492
2025-01-10 04:45:00,100.85080054395223,101.25008911403755,100.85080054395223,101.06140946465041,181
2025-01-10 05:00:00,101.06140946465041,101.29870009241998,101.06140946465041,101.19923529473758,943
2025-01-10 05:15:00,101.19923529473758,101.67481039712251,101.19923529473758,101.57300603309292,426
2025-01-10 05:30:00,101.57300603309292,101.72386094299794,101.52968231168737,101.69162871527493,538
2025-01-10 05:45:00,101.69162871527493,101.76127553827136,101.5294870996299,101.61855471948162,323
2025-01-10 06:00:00,101.61855471948162,101.77253808524185,101.61855471948162,101.73859769994769,948
2025-01-10 06:15:00,101.73859769994769,102.12958629312897,101.73859769994769,101.96419359505451,688
2025-01-10 06:30:00,101.96419359505451,102.25158295165008,101.96419359505451,102.13151320298431,706
2025-01-10 06:45:00,102.13151320298431,102.32165794010967,102.04078581635659,102.23513053179542,171
2025-01-10 07:00:00,102.23513053179542,102.53394670254256,102.23513053179542,102.45323378404565,585
2025-01-10 07:15:00,102.45323378404565,102.72784419489753,102.45323378404565,102.6928300130268,152
2025-01-10 07:30:00,102.6928300130268,103.03964783165385,102.6928300130268,102.976705649662,336
2025-01-10 07:45:00,102.976705649662,103.19755545287823,102.92870341597616,103.1103096639547,707
2025-01-10 08:00:00,103.1103096639547,103.26199998848512,102.88156043011529,103.07584646993087,171
2025-01-10 08:15:00,103.07584646993087,103.18661395281026,102.94681955509601,103.10609174476654,643
2025-01-10 08:30:00,103.10609174476654,103.51645772318608,103.10609174476654,103.35488859314992,798
2025-01-10 08:45:00,103.35488859314992,103.35488859314992,103.03742188635658,103.1860200026246,448
2025-01-10 09:00:00,103.1860200026246,103.42332987902945,103.1860200026246,103.26210386547218,444
2025-01-10 09:15:00,103.26210386547218,103.26210386547218,103.12286713306841,103.18086987888645,824
2025-01-10 09:30:00,103.18086987888645,103.3628753474843,103.12936460953568,103.18680171055632,505
2025-01-10 09:45:00,103.18680171055632,103.6034589009274,103.18680171055632,103.45064042824303,725
2025-01-10 10:00:00,103.45064042824303,103.51034681814033,103.40863831550689,103.49017907018685,436
2025-01-10 10:15:00,103.49017907018685,103.53867975136568,103.40270904058337,103.49979052355502,372
2025-01-10 10:30:00,103.49979052355502,103.49979052355502,103.16325477746955,103.21830087208784,830
2025-01-10 10:45:00,103.21830087208784,103.38996615491757,103.21830087208784,103.37235492229794,875
2025-01-10 11:00:00,103.37235492229794,103.6914646310963,103.34650095939824,103.50580536203724,880
2025-01-10 11:15:00,103.50580536203724,104.05255732701967,103.50580536203724,103.95362420671516,572
2025-01-10 11:30:00,103.95362420671516,104.03310766566635,103.76273668664089,103.88963488076455,857
2025-01-10 11:45:00,103.88963488076455,104.02686696649756,103.81175674461069,103.93516977581456,970
2025-01-10 12:00:00,103.93516977581456,104.1746919433042,103.90560629381541,103.98700924682616,337
2025-01-10 12:15:00,103.98700924682616,104.48231362433663,103.98700924682616,104.31507854440456,705
2025-01-10 12:30:00,104.31507854440456,104.344042213281,104.22051882685109,104.2951970225128,566
2025-01-10 12:45:00,104.2951970225128,104.4802727692231,104.17038314624953,104.35339823252028,813
2025-01-10 13:00:00,104.35339823252028,104.63724538659983,104.35339823252028,104.4802703656455,483
2025-01-10 13:15:00,104.4802703656455,104.53589750393033,104.40454391616153,104.51926430892564,407
2025-01-10 13:30:00,104.51926430892564,104.61233534908534,104.22662680721542,104.42594248301444,143
2025-01-10 13:45:00,104.42594248301444,104.48122315968654,104.37116117797757,104.46647854388429,364
2025-01-10 14:00:00,104.46647854388429,104.76463694141393,104.46647854388429,104.6907956002058,336
2025-01-10 14:15:00,104.6907956002058,104.6907956002058,104.35028148842207,104.47586219342355,171
2025-01-10 14:30:00,104.47586219342355,104.68889625821502,104.36147775218043,104.50364643612771,206
2025-01-10 14:45:00,104.50364643612771,104.5195907773961,104.27281830030188,104.35731607991374,238
2025-01-10 15:00:00,104.35731607991374,104.72474812820016,104.35731607991374,104.60673979748366,580
2025-01-10 15:15:00,104.60673979748366,104.60673979748366,104.14936387038145,104.28806856506034,952
2025-01-10 15:30:00,104.28806856506034,104.34015333483525,103.98529332088741,104.1714908051988,441
2025-01-10 15:45:00,104.1714908051988,104.27265163782717,104.1714908051988,104.25008025194862,291
2025-01-10 16:00:00,104.25008025194862,104.66840362028512,104.25008025194862,104.5764922633167,326
2025-01-10 16:15:00,104.5764922633167,104.65227103423086,104.4971622791394,104.56274039997989,248
2025-01-10 16:30:00,104.56274039997989,104.63931757368934,104.3097391297471,104.44663403202026,950
2025-01-10 16:45:00,104.44663403202026,104.97064307315411,104.44663403202026,104.83959507999747,105
2025-01-10 17:00:00,104.83959507999747,104.83959507999747,104.46564225496884,104.53597669801778,649
2025-01-10 17:15:00,104.53597669801778,104.53597669801778,103.89814556916612,104.07626804152837,679
2025-01-10 17:30:00,104.07626804152837,104.24443668272211,103.98440127431297,104.16785816522017,775
2025-01-10 17:45:00,104.16785816522017,104.25630079963769,104.05130828452515,104.06326233875293,387
2025-01-10 18:00:00,104.06326233875293,104.06326233875293,103.77480836612766,103.8507167016369,799
2025-01-10 18:15:00,103.8507167016369,104.19596403185793,103.8507167016369,103.99784335110142,454
2025-01-10 18:30:00,103.99784335110142,104.08558134353835,103.9790518396331,104.04855284798076,895
2025-01-10 18:45:00,104.04855284798076,104.04855284798076,103.85592624412575,103.9311697175395,907
2025-01-10 19:00:00,103.9311697175395,103.9311697175395,103.467921958689,103.66504265004275,571
2025-01-10 19:15:00,103.66504265004275,103.92670599933092,103.65948949553383,103.84592930233576,591
2025-01-10 19:30:00,103.84592930233576,104.02229890100031,103.84592930233576,103.98097079345294,283
2025-01-10 19:45:00,103.98097079345294,104.08343642674694,103.92175625677169,103.96034598826283,753
2025-01-10 20:00:00,103.96034598826283,104.4395680030695,103.96034598826283,104.34430003031052,678
2025-01-10 20:15:00,104.34430003031052,104.34430003031052,104.02150309051713,104.12098553847973,172
2025-01-10 20:30:00,104.12098553847973,104.12098553847973,103.65007223424396,103.80330716995884,109
2025-01-10 20:45:00,103.80330716995884,103.80330716995884,103.59375179817529,103.65966247813634,294
2025-01-10 21:00:00,103.65966247813634,103.80405075779082,103.62964656687879,103.65021161599807,370
2025-01-10 21:15:00,103.65021161599807,103.7985103104451,103.52631309185983,103.70065598683172,655
2025-01-10 21:30:00,103.70065598683172,103.73875083482464,103.56416612267009,103.65062331193695,450
2025-01-10 21:45:00,103.65062331193695,103.80139088972344,103.56968658987938,103.72360483451502,231
2025-01-10 22:00:00,103.72360483451502,103.72360483451502,103.32267586875547,103.46397647317593,228
2025-01-10 22:15:00,103.46397647317593,103.85634275606999,103.46397647317593,103.7627317272332,998
2025-01-10 22:30:00,103.7627317272332,103.82068371382805,103.6539913181058,103.74568326586396,532
2025-01-10 22:45:00,103.74568326586396,104.14378648814552,103.74568326586396,103.97751250478038,580
2025-01-10 23:00:00,103.97751250478038,104.08099943450759,103.90917486206105,104.04878396275777,349
2025-01-10 23:15:00,104.04878396275777,104.17988019384079,103.99439540195334,104.14383319680583,124
2025-01-10 23:30:00,104.14383319680583,104.30374574451781,104.14383319680583,104.26250869399283,169
2025-01-10 23:45:00,104.26250869399283,104.53732560557954,104.26250869399283,104.35586712925517,402
2025-01-11 00:00:00,104.35586712925517,104.50289451874903,104.35586712925517,104.49001091111454,760
2025-01-11 00:15:00,104.49001091111454,104.93376362915352,104.49001091111454,104.76777723586667,762
2025-01-11 00:30:00,104.76777723586667,104.95189649084666,104.72089256067582,104.80895540812551,237
2025-01-11 00:45:00,104.80895540812551,105.02966628866508,104.80895540812551,104.9575752945521,602
2025-01-11 01:00:00,104.9575752945521,104.99698658943807,104.78054063065956,104.93873841277257,989
2025-01-11 01:15:00,104.93873841277257,105.36058948269934,104.93873841277257,105.24098658028413,155
2025-01-11 01:30:00,105.24098658028413,105.24098658028413,104.9774532898969,105.09861819391608,296
2025-01-11 01:45:00,105.09861819391608,105.49994539003023,105.09861819391608,105.47717089581303,548
2025-01-11 02:00:00,105.47717089581303,105.61164339092605,105.34148003656409,105.46869940176715,878
2025-01-11 02:15:00,105.46869940176715,105.46869940176715,105.13727507176726,105.16689542345352,701
2025-01-11 02:30:00,105.16689542345352,105.3538436473665,105.04168955365228,105.19384011066593,544
2025-01-11 02:45:00,105.19384011066593,105.19384011066593,104.96008112830042,105.05055523233888,705
2025-01-11 03:00:00,105.05055523233888,105.28651283488696,105.03292788525476,105.22717537548638,795
2025-01-11 03:15:00,105.22717537548638,105.22717537548638,105.0702614095136,105.08982781963778,663
2025-01-11 03:30:00,105.08982781963778,105.08982781963778,104.88656770710068,104.99604913929275,377
2025-01-11 03:45:00,104.99604913929275,104.99604913929275,104.47260615821685,104.59926051641864,932
2025-01-11 04:00:00,104.59926051641864,104.59926051641864,104.36377382062376,104.50463870337792,525
2025-01-11 04:15:00,104.50463870337792,104.50463870337792,103.83209316625233,103.99802543679802,777
2025-01-11 04:30:00,103.99802543679802,103.99802543679802,103.50773332123205,103.66857990454544,801
2025-01-11 04:45:00,103.66857990454544,103.98932787950456,103.66857990454544,103.8262421196276,701
2025-01-11 05:00:00,103.8262421196276,104.02906227884164,103.82084319369393,103.98941547468704,595
2025-01-11 05:15:00,103.98941547468704,104.1795067398004,103.90812898602908,104.07790164100564,465
2025-01-11 05:30:00,104.07790164100564,104.07790164100564,103.84009616037966,103.87661994517802,754
2025-01-11 05:45:00,103.87661994517802,104.03319624240228,103.78363165192401,103.86670775635997,852
2025-01-11 06:00:00,103.86670775635997,103.92835329545402,103.81715250441687,103.86595938861018,159
2025-01-11 06:15:00,103.86595938861018,103.86595938861018,103.43791767871015,103.62533006908043,916
2025-01-11 06:30:00,103.62533006908043,104.0268549879078,103.62533006908043,103.93691035957227,914
2025-01-11 06:45:00,103.93691035957227,104.21965428751533,103.93691035957227,104.11929101106914,809
2025-01-11 07:00:00,104.11929101106914,104.20756817414751,103.94562232874297,104.07327774483315,487
2025-01-11 07:15:00,104.07327774483315,104.19568981371359,103.93307081708697,104.07887393961133,112
2025-01-11 07:30:00,104.07887393961133,104.1748071193248,104.06681335197787,104.12225043561043,498
2025-01-11 07:45:00,104.12225043561043,104.12225043561043,103.50875876696335,103.69707037702405,518
2025-01-11 08:00:00,103.69707037702405,103.69707037702405,103.56842065721517,103.64580723616234,711
2025-01-11 08:15:00,103.64580723616234,103.64580723616234,103.31580281401227,103.50443762035017,143
2025-01-11 08:30:00,103.50443762035017,103.50443762035017,103.17084549486364,103.29709338868325,244
2025-01-11 08:45:00,103.29709338868325,103.41987917046727,103.04619002741583,103.23901970227158,454
2025-01-11 09:00:00,103.23901970227158,103.68763305166189,103.23901970227158,103.61020249179944,925
2025-01-11 09:15:00,103.61020249179944,103.85517696664289,103.61020249179944,103.74299820904203,562
2025-01-11 09:30:00,103.74299820904203,103.74299820904203,103.57994858244257,103.62448656721386,286
2025-01-11 09:45:00,103.62448656721386,103.75869324602859,103.56077646125668,103.7431537606844,487
